id;area_calc;elev_mean;elev_med;elev_ran;elev_std;slope_mean;mvert_dist;mvert_ang;asp_mean;elon_ratio;strm_dens;p_mean;ref_et_mean;aridity;p_season;frac_snow;high_prec_fr;high_prec_du;high_prec_timing;lo_prec_fr;low_prec_du;low_prec_timing;p_mean_ERA5L;pet_mean_ERA5L;aridity_ERA5L;p_season_ERA5L;frac_snow_ERA5L;high_prec_fr_ERA5L;high_prec_du_ERA5L;high_prec_timing_ERA5L;lo_prec_fr_ERA5L;low_prec_du_ERA5L;low_prec_timing_ERA5L;q_mean;runoff_ratio;hfd_mean;slope_fdc;baseflow_index_ladson;stream_elas;high_q_freq;high_q_dur;Q95;low_q_freq;low_q_dur;Q5;lc_dom;agr_fra;bare_fra;forest_fra;glac_fra;lake_fra;urban_fra;scrub_fra;wetl_fra;lai_max;lai_diff;ndvi_max;ndvi_min;gvf_max;gvf_diff;bedrk_dep;root_dep;soil_poros;soil_tawc;sand_fra;silt_fra;clay_fra;grav_fra;oc_fra;gc_dom;gc_pa_fra;gc_pb_fra;gc_va_fra;gc_vb_fra;gc_23_dom;gc_23_pavr;gc_23_pb;gc_23_vapy;gc_23_vbsr;gc_23_vbpy;gc_23_vb;g_dom_NI;g621_fra;g701_fra;g743_fra;g746_fra;gbinn_fra;ggnew_fra;ggold_fra;ghraun_fra;gbnew_fra;gbold_fra;gmob_fra;gsgos_fra;gsinn_fra;gsn_fra;gsnew_fra;gsold_fra;g_frac;g_area;g_mean_el;g_min_el;g_max_el;g_aspect;g_slope;g_slopel20;g_lon;g_lat;degimpact;typimpact
1;189.932;289.528;292.295;1032.913;176.473;172.789;32.0;299;169.985;0.486;0.36;4.34;0.6;0.14;-0.38;0.31;12.45;1.12;djf;174.45;3.1;jja;3.91;1.41;0.36;-0.24;0.28;10.3;1.11;djf;161.9;2.87;jja;4.546;1.115;153.417;2.715;0.561;1.365;4.001;1.714;12.549;6.085;3.174;0.996;322;0.028;0.112;0.082;0.0;0.081;0.0;0.634;0.037;1.43;1.43;0.51;-0.02;0.7;0.7;1.436;0.513;0.413;0.07;0.628;0.233;0.14;0.152;0.012;vb;0.0;0.0;0.08;0.92;vb__sr;0.0;0.0;0.08;0.573;0.346;0.0;gold;0.0;0.0;0.068;0.0;0.003;0.348;0.542;0.0;0.0;0.0;0.0;0.039;0.0;0.0;0.0;0.0;0.0;0.0;;;;;;;;;s;A
2;525.265;884.189;787.682;867.832;211.002;77.564;29.9;34;157.578;0.865;0.48;3.79;0.55;0.14;-0.43;0.67;12.7;1.25;djf;168.2;2.83;jja;2.98;0.49;0.17;-0.26;0.64;7.3;1.13;djf;144.1;2.43;jja;;;;;;;;;;;;;332;0.0;0.69;0.0;0.196;0.002;0.0;0.001;0.034;0.1;0.1;0.07;-0.07;0.02;0.02;16.341;0.81;0.355;0.113;0.777;0.183;0.04;0.082;0.015;vb;0.0;0.0;0.0;1.0;vbpy__;0.0;0.0;0.0;0.0;0.961;0.039;hraun;0.218;0.0;0.0;0.0;0.0;0.196;0.0;0.395;0.0;0.011;0.179;0.0;0.0;0.0;0.0;0.0;0.191;100.215;1266.816;800.011;1532.225;92.854;74.086;103.569;516630.196;489682.742;u;F
3;1134.906;867.15;828.054;1304.542;193.966;107.203;54.2;339;173.625;0.701;0.43;3.17;0.53;0.17;-0.39;0.68;10.05;1.15;djf;167.6;2.82;jja;2.89;0.54;0.19;-0.22;0.63;6.7;1.11;djf;140.95;2.36;jja;3.078;0.985;240.417;1.423;0.757;0.615;;;6.776;;;1.459;332;0.0;0.816;0.0;0.091;0.005;0.0;0.034;0.018;0.15;0.15;0.1;-0.07;0.06;0.06;9.079;0.536;0.41;0.075;0.616;0.257;0.127;0.164;0.014;vb;0.0;0.0;0.037;0.963;vbpy__;0.0;0.0;0.037;0.246;0.699;0.018;gnew;0.101;0.0;0.0;0.0;0.0;0.357;0.243;0.186;0.0;0.005;0.083;0.024;0.0;0.0;0.0;0.0;0.088;100.296;1266.74;800.011;1532.225;92.925;74.067;103.569;516625.199;489685.825;u;F
4;225.994;999.572;882.287;828.938;248.928;85.301;26.6;31;133.192;0.637;0.49;4.71;0.54;0.12;-0.45;0.72;12.95;1.25;djf;158.75;2.79;jja;3.07;0.37;0.12;-0.28;0.66;7.7;1.15;djf;145.15;2.49;jja;;;;;;;;;;;;;332;0.0;0.481;0.0;0.411;0.0;0.0;0.0;0.021;0.06;0.06;0.05;-0.08;0.01;0.01;8.0;0.614;0.355;0.081;0.777;0.183;0.04;0.082;0.015;vb;0.0;0.0;0.0;1.0;vbpy__;0.0;0.0;0.0;0.0;0.91;0.09;621;0.45;0.0;0.0;0.0;0.0;0.0;0.0;0.218;0.0;0.026;0.306;0.0;0.0;0.0;0.0;0.0;0.403;91.13;1265.235;800.011;1531.728;92.456;69.56;101.276;515974.85;490006.497;u;F
5;130.323;623.64;632.957;652.128;55.218;35.077;19.9;58;176.643;0.648;0.16;2.61;0.56;0.22;-0.21;0.57;15.2;1.19;son;213.25;3.33;jja;3.05;0.65;0.21;-0.28;0.57;12.8;1.17;djf;173.6;2.66;jja;;;;;;;;;;;;;322;0.0;0.043;0.0;0.0;0.086;0.0;0.654;0.218;0.71;0.71;0.44;-0.07;0.63;0.63;1.049;1.0;0.347;0.128;0.839;0.112;0.047;0.048;0.011;vb;0.0;0.0;0.0;1.0;vb__sr;0.0;0.0;0.0;0.658;0.342;0.0;gnew;0.0;0.0;0.0;0.0;0.0;0.529;0.471;0.0;0.0;0.0;0.0;0.0;0.0;0.0;0.0;0.0;0.0;0.0;;;;;;;;;u;F
6;1492.803;721.564;644.055;1384.034;268.229;55.253;80.8;328;196.58;0.539;0.5;3.46;0.59;0.17;-0.43;0.59;11.7;1.23;djf;170.2;2.97;jja;3.06;0.64;0.21;-0.25;0.55;8.25;1.12;djf;152.2;2.6;jja;;;;;;;;;;;;;332;0.0;0.47;0.0;0.118;0.05;0.0;0.233;0.099;0.35;0.35;0.23;-0.07;0.26;0.26;20.071;0.76;0.375;0.107;0.723;0.204;0.074;0.11;0.014;vb;0.0;0.0;0.001;0.999;vbpy__;0.0;0.0;0.001;0.0;0.955;0.044;hraun;0.137;0.0;0.001;0.0;0.0;0.152;0.0;0.526;0.0;0.046;0.137;0.001;0.0;0.0;0.0;0.0;0.117;174.435;1343.778;848.52;1789.067;268.458;87.704;112.657;499087.082;483070.641;u;F
7;1673.314;687.824;627.79;1700.089;273.362;61.441;89.9;331;194.155;0.513;0.48;3.3;0.6;0.18;-0.42;0.57;11.4;1.22;djf;172.15;2.97;jja;3.02;0.68;0.23;-0.23;0.54;8.2;1.12;djf;152.9;2.62;jja;2.392;0.711;183.0;0.628;0.786;0.738;0.195;3.0;3.9;;;1.271;332;0.004;0.427;0.0;0.105;0.046;0.0;0.284;0.107;0.45;0.45;0.26;-0.07;0.32;0.32;18.803;0.786;0.372;0.111;0.73;0.201;0.07;0.106;0.014;vb;0.0;0.0;0.001;0.999;vbpy__;0.0;0.0;0.001;0.025;0.936;0.039;hraun;0.123;0.0;0.001;0.0;0.0;0.217;0.027;0.47;0.0;0.041;0.122;0.001;0.0;0.0;0.0;0.0;0.104;174.61;1343.588;848.52;1789.067;268.295;87.699;112.657;499049.931;483073.303;s;A
8;642.085;311.843;261.237;1130.76;219.81;115.877;31.8;180;176.428;0.9;0.39;5.07;0.55;0.11;-0.19;0.28;10.75;1.11;;167.5;3.03;jja;5.21;3.33;0.64;-0.23;0.26;10.0;1.11;djf;148.3;2.78;mam;9.193;1.882;175.143;0.424;0.877;0.534;;;12.891;;;7.039;322;0.044;0.229;0.049;0.0;0.028;0.001;0.526;0.099;1.41;1.41;0.48;0.0;0.68;0.68;6.598;0.965;0.357;0.129;0.799;0.146;0.054;0.07;0.012;vb;0.0;0.0;0.0;1.0;vbpy__;0.0;0.0;0.0;0.0;0.803;0.197;hraun;0.0;0.0;0.0;0.0;0.0;0.027;0.0;0.532;0.0;0.182;0.258;0.001;0.0;0.0;0.0;0.0;0.0;0.0;;;;;;;;;l;D
9;37.148;906.429;946.693;1362.123;279.619;423.293;10.3;347;195.485;0.667;0.35;3.55;0.64;0.18;-0.36;0.78;14.4;1.27;son;181.0;2.93;jja;3.28;0.48;0.15;-0.18;0.64;7.9;1.22;son;143.9;2.37;jja;5.076;1.383;258.0;3.416;0.615;-1.499;3.425;2.708;16.351;71.511;16.349;0.674;332;0.002;0.702;0.0;0.07;0.0;0.0;0.226;0.0;0.46;0.46;0.23;-0.07;0.27;0.27;0.5;0.1;0.47;0.019;0.45;0.33;0.222;0.25;0.014;vb;0.0;0.0;0.108;0.892;vb__sr;0.0;0.0;0.108;0.892;0.0;0.0;gold;0.0;0.0;0.0;0.0;0.0;0.0;0.777;0.0;0.0;0.0;0.0;0.223;0.0;0.0;0.0;0.0;0.071;2.649;1146.587;950.168;1397.42;196.789;291.748;263.797;529479.519;567344.17;u;F
10;67.377;676.962;667.014;252.022;38.88;66.172;11.1;63;176.23;0.833;0.42;4.64;0.37;0.08;-0.34;0.55;12.7;1.16;djf;174.45;3.1;jja;4.0;0.91;0.23;-0.22;0.47;8.85;1.13;djf;154.85;2.79;mam;;;;;;;;;;;;;332;0.0;0.919;0.0;0.0;0.033;0.0;0.033;0.0;0.18;0.18;0.09;-0.07;0.03;0.03;1.0;1.0;0.348;0.13;0.836;0.122;0.046;0.051;0.011;vb;0.0;0.0;0.0;1.0;vbpy__;0.0;0.0;0.0;0.0;1.0;0.0;gnew;0.0;0.0;0.0;0.0;0.0;0.497;0.0;0.315;0.0;0.0;0.188;0.0;0.0;0.0;0.0;0.0;0.0;0.0;;;;;;;;;u;F
11;226.835;752.434;769.226;1411.005;260.905;138.211;34.2;182;183.059;0.497;0.48;7.11;0.53;0.07;-0.29;0.41;16.1;1.2;djf;168.45;3.01;jja;6.06;0.8;0.13;-0.29;0.47;11.6;1.2;djf;124.1;2.29;mam;10.568;1.478;270.5;3.273;0.642;-0.238;0.665;1.067;27.484;29.305;7.833;1.886;335;0.0;0.363;0.0;0.329;0.0;0.0;0.292;0.003;0.27;0.27;0.2;-0.06;0.2;0.2;0.965;0.047;0.475;0.006;0.43;0.34;0.23;0.26;0.014;vb;0.0;0.0;0.003;0.997;vbpy__;0.0;0.0;0.003;0.0;0.705;0.291;gnew;0.4;0.0;0.0;0.0;0.0;0.468;0.0;0.0;0.0;0.1;0.033;0.0;0.0;0.0;0.0;0.0;0.331;75.015;996.896;666.918;1468.021;171.933;66.627;57.315;562357.77;410963.394;u;F
12;42.634;534.741;562.022;812.671;123.421;112.934;11.4;254;206.769;0.647;0.23;5.91;0.41;0.07;-0.43;0.57;12.75;1.11;son;159.2;2.84;jja;4.07;0.72;0.18;-0.35;0.48;9.9;1.14;djf;158.0;2.95;jja;6.771;1.191;183.0;1.82;0.63;0.822;0.212;1.0;15.506;7.307;2.654;1.945;332;0.0;0.744;0.0;0.0;0.05;0.0;0.206;0.0;0.28;0.28;0.17;-0.07;0.17;0.17;0.923;0.1;0.475;0.014;0.43;0.34;0.23;0.26;0.014;vb;0.0;0.0;0.0;1.0;vb__sr;0.0;0.0;0.0;1.0;0.0;0.0;gold;0.0;0.0;0.0;0.0;0.0;0.0;1.0;0.0;0.0;0.0;0.0;0.0;0.0;0.0;0.0;0.0;0.0;0.0;;;;;;;;;l;D
13;269.841;265.126;255.359;726.202;114.483;99.105;23.8;275;199.537;0.777;0.54;5.84;0.54;0.09;-0.28;0.25;13.45;1.1;son;161.65;2.94;jja;4.27;3.18;0.74;-0.16;0.22;8.25;1.08;djf;151.7;2.72;mam;1.282;0.224;159.625;1.581;0.727;2.982;0.552;2.0;3.032;0.322;1.167;0.503;322;0.002;0.139;0.016;0.0;0.01;0.024;0.779;0.011;1.04;1.04;0.46;-0.0;0.63;0.63;1.082;1.0;0.404;0.134;0.763;0.116;0.121;0.085;0.011;vb;0.0;0.0;0.0;1.0;vbpy__;0.0;0.0;0.0;0.0;0.606;0.394;hraun;0.0;0.0;0.011;0.0;0.0;0.0;0.0;0.456;0.128;0.21;0.189;0.006;0.0;0.0;0.0;0.0;0.0;0.0;;;;;;;;;s;A
14;401.329;579.522;633.651;1414.296;251.754;134.272;39.5;251;210.73;0.572;0.46;5.72;0.48;0.08;-0.46;0.42;11.35;1.11;djf;154.1;2.76;jja;5.21;1.12;0.22;-0.31;0.37;8.15;1.12;djf;132.65;2.49;mam;4.474;0.792;194.667;0.572;0.839;0.635;;;7.556;;;3.123;332;0.002;0.789;0.0;0.014;0.0;0.0;0.165;0.0;0.35;0.34;0.2;-0.06;0.18;0.18;2.469;0.18;0.462;0.026;0.466;0.318;0.211;0.239;0.014;vb;0.0;0.0;0.005;0.995;vb____;0.0;0.0;0.005;0.0;0.37;0.625;bold;0.019;0.0;0.0;0.0;0.0;0.0;0.0;0.046;0.165;0.463;0.287;0.008;0.0;0.0;0.01;0.002;0.012;4.802;1101.883;815.835;1253.526;277.262;195.696;270.395;470239.15;366121.548;l;C
15;125.52;700.617;711.047;853.827;132.758;115.391;22.8;359;201.917;0.555;0.43;5.37;0.46;0.08;-0.42;0.55;17.75;1.23;djf;184.05;2.89;jja;4.01;0.48;0.12;-0.32;0.59;13.55;1.18;djf;159.55;2.51;jja;5.409;0.976;;3.71;0.443;0.622;15.545;2.805;21.059;96.111;8.888;0.392;322;0.0;0.407;0.0;0.0;0.0;0.0;0.592;0.0;0.62;0.62;0.34;-0.07;0.46;0.46;0.925;0.365;0.434;0.058;0.541;0.286;0.165;0.196;0.014;vb;0.0;0.0;0.0;1.0;vb__sr;0.0;0.0;0.0;1.0;0.0;0.0;gold;0.0;0.0;0.0;0.0;0.0;0.009;0.991;0.0;0.0;0.0;0.0;0.0;0.0;0.0;0.0;0.0;0.0;0.0;;;;;;;;;u;F
16;46.81;684.07;662.664;646.159;129.483;156.422;8.2;122;167.733;0.938;0.44;5.5;0.49;0.09;-0.33;0.65;17.1;1.24;son;179.25;2.87;jja;3.69;0.7;0.19;-0.28;0.58;13.5;1.2;son;168.25;2.68;jja;6.245;1.211;251.5;3.85;0.487;1.122;17.874;2.773;23.072;94.939;8.0;0.535;322;0.0;0.502;0.0;0.0;0.037;0.0;0.443;0.019;0.56;0.56;0.28;-0.08;0.36;0.36;0.812;0.1;0.475;0.014;0.43;0.34;0.23;0.26;0.014;vb;0.0;0.0;0.0;1.0;vb__sr;0.0;0.0;0.0;1.0;0.0;0.0;gold;0.0;0.0;0.0;0.0;0.0;0.0;1.0;0.0;0.0;0.0;0.0;0.0;0.0;0.0;0.0;0.0;0.0;0.0;;;;;;;;;l;D
17;60.102;568.823;581.621;900.259;149.255;124.821;12.3;23;155.198;0.713;0.46;6.54;0.29;0.04;-0.52;0.66;11.9;1.12;djf;145.65;2.83;jja;3.69;0.73;0.2;-0.36;0.57;8.9;1.13;djf;156.3;2.88;jja;7.088;1.161;200.5;2.047;0.614;-0.833;1.037;4.0;18.054;4.148;2.909;1.802;332;0.0;0.79;0.0;0.0;0.018;0.0;0.192;0.0;0.23;0.23;0.16;-0.08;0.16;0.16;1.067;0.1;0.475;0.014;0.43;0.34;0.23;0.26;0.014;vb;0.0;0.0;0.0;1.0;vb__sr;0.0;0.0;0.0;1.0;0.0;0.0;gold;0.0;0.0;0.0;0.0;0.0;0.0;1.0;0.0;0.0;0.0;0.0;0.0;0.0;0.0;0.0;0.0;0.0;0.0;;;;;;;;;u;F
18;1129.597;727.383;833.478;1060.111;262.074;179.984;93.6;2;166.17;0.405;0.35;2.9;0.62;0.21;-0.3;0.7;12.8;1.22;son;185.45;2.93;jja;2.98;0.6;0.2;-0.16;0.65;8.6;1.15;son;152.45;2.44;jja;2.675;0.93;218.0;0.812;0.734;0.26;;;5.884;;;1.47;332;0.016;0.786;0.024;0.0;0.0;0.0;0.172;0.001;0.57;0.57;0.24;-0.06;0.28;0.28;1.143;0.277;0.453;0.036;0.502;0.305;0.196;0.225;0.014;vb;0.0;0.0;0.018;0.982;vbpy__;0.0;0.0;0.018;0.399;0.583;0.0;gnew;0.0;0.0;0.0;0.0;0.0;0.616;0.356;0.004;0.0;0.0;0.0;0.024;0.0;0.0;0.0;0.0;0.0;0.0;;;;;;;;;u;F
19;158.066;568.363;586.28;650.737;135.501;100.753;31.5;212;188.759;0.451;0.51;4.57;0.41;0.09;-0.26;0.45;12.55;1.18;djf;171.35;2.99;jja;4.0;0.98;0.24;-0.24;0.39;9.0;1.13;djf;154.2;2.76;mam;;;;;;;;;;;;;322;0.0;0.484;0.0;0.0;0.007;0.0;0.47;0.031;0.42;0.42;0.27;-0.05;0.31;0.31;5.234;1.0;0.349;0.131;0.829;0.128;0.045;0.054;0.011;vb;0.0;0.0;0.0;1.0;vbpy__;0.0;0.0;0.0;0.0;0.986;0.014;gnew;0.0;0.0;0.0;0.0;0.0;0.772;0.0;0.0;0.0;0.013;0.202;0.013;0.0;0.0;0.0;0.0;0.0;0.0;;;;;;;;;l;B
20;214.514;496.003;541.718;683.1;174.915;96.253;35.9;210;190.271;0.46;0.46;4.3;0.47;0.11;-0.27;0.4;12.6;1.16;djf;173.9;3.05;jja;4.02;0.99;0.25;-0.24;0.37;8.85;1.13;djf;153.4;2.75;mam;4.037;0.978;203.429;1.493;0.642;1.533;0.787;1.4;9.833;5.621;5.0;1.2;322;0.001;0.426;0.0;0.0;0.005;0.0;0.532;0.031;0.52;0.52;0.31;-0.04;0.38;0.38;4.091;1.0;0.35;0.134;0.814;0.142;0.044;0.061;0.012;vb;0.0;0.0;0.0;1.0;vbpy__;0.0;0.0;0.0;0.0;0.931;0.069;gnew;0.0;0.0;0.0;0.0;0.0;0.748;0.0;0.0;0.0;0.091;0.149;0.011;0.0;0.0;0.0;0.0;0.0;0.0;;;;;;;;;l;B
21;113.506;572.521;600.254;1113.466;196.237;172.115;19.3;103;165.835;0.623;0.28;5.67;0.49;0.09;-0.34;0.48;18.25;1.22;son;185.85;2.92;jja;4.42;0.67;0.15;-0.3;0.49;15.2;1.23;son;167.3;2.63;;7.137;1.176;168.0;3.728;0.377;0.993;14.458;1.789;26.923;105.343;7.286;0.428;322;0.006;0.213;0.0;0.0;0.009;0.0;0.773;0.0;0.87;0.87;0.36;-0.07;0.5;0.5;0.949;0.1;0.475;0.014;0.43;0.34;0.23;0.26;0.014;vb;0.0;0.0;0.0;1.0;vb__sr;0.0;0.0;0.0;1.0;0.0;0.0;gold;0.0;0.0;0.0;0.0;0.0;0.0;0.997;0.0;0.0;0.0;0.0;0.003;0.0;0.0;0.0;0.0;0.002;0.172;966.714;926.73;1054.643;116.214;383.945;159.634;708723.67;477625.212;u;F
22;231.638;360.407;362.342;845.216;168.247;99.154;26.1;341;156.903;0.657;0.38;2.24;0.69;0.31;-0.27;0.5;13.15;1.17;;206.65;3.29;jja;2.7;1.53;0.57;-0.12;0.44;9.35;1.11;son;169.2;2.73;jja;1.483;0.702;192.333;0.909;0.713;0.933;1.271;5.333;3.653;0.635;2.667;0.589;412;0.06;0.059;0.0;0.0;0.054;0.0;0.403;0.424;1.67;1.67;0.58;-0.02;0.85;0.85;6.097;1.0;0.349;0.132;0.824;0.132;0.045;0.057;0.012;vb;0.0;0.0;0.0;1.0;vb__sr;0.0;0.0;0.0;0.79;0.21;0.0;gold;0.0;0.0;0.049;0.0;0.0;0.223;0.725;0.0;0.0;0.0;0.0;0.0;0.003;0.0;0.0;0.0;0.0;0.0;;;;;;;;;s;A
23;111.706;438.383;453.991;681.404;124.033;142.768;13.2;161;188.09;0.903;0.39;6.63;0.37;0.06;-0.14;0.28;14.1;1.12;son;163.3;2.81;jja;6.16;4.36;0.71;-0.13;0.25;10.7;1.16;djf;132.6;2.37;mam;9.051;1.305;146.0;1.951;0.5;0.628;3.616;1.148;27.628;9.682;4.882;2.034;322;0.0;0.153;0.0;0.0;0.0;0.0;0.76;0.086;0.97;0.97;0.47;-0.02;0.67;0.67;1.029;0.455;0.445;0.065;0.55;0.248;0.183;0.199;0.013;vb;0.0;0.0;0.0;1.0;vbpy__;0.0;0.0;0.0;0.0;1.0;0.0;gnew;0.0;0.0;0.0;0.0;0.0;0.762;0.0;0.238;0.0;0.0;0.0;0.0;0.0;0.0;0.0;0.0;0.0;0.0;;;;;;;;;u;F
24;190.116;600.781;665.008;1213.253;313.248;263.281;28.1;115;172.386;0.555;0.32;6.33;0.53;0.08;-0.36;0.4;16.7;1.19;son;177.85;2.8;jja;4.78;0.69;0.15;-0.29;0.44;14.95;1.23;son;163.45;2.56;mam;8.201;1.201;238.5;2.967;0.483;1.01;4.006;1.214;24.496;54.316;5.554;0.963;322;0.003;0.415;0.0;0.026;0.001;0.0;0.544;0.003;0.71;0.71;0.3;-0.05;0.39;0.39;0.912;0.292;0.454;0.037;0.503;0.309;0.196;0.228;0.014;vb;0.0;0.0;0.109;0.891;vb__sr;0.0;0.0;0.109;0.891;0.0;0.0;gold;0.045;0.0;0.0;0.0;0.0;0.0;0.913;0.0;0.0;0.0;0.0;0.042;0.0;0.0;0.0;0.0;0.026;4.931;1112.53;949.292;1220.724;223.624;149.966;166.025;694708.814;471562.801;u;F
25;17.334;38.17;38.055;41.894;3.864;25.534;8.6;91;168.529;0.549;0.45;4.46;0.51;0.11;-0.23;0.17;13.1;1.09;djf;178.0;2.88;jja;5.56;4.59;0.83;-0.15;0.11;10.9;1.12;son;144.9;2.42;mam;10.317;2.346;175.167;1.441;0.756;0.579;0.077;1.0;24.071;10.581;22.833;2.593;322;0.022;0.419;0.0;0.0;0.0;0.0;0.395;0.164;0.84;0.82;0.43;0.02;0.51;0.51;50.0;1.0;0.404;0.134;0.763;0.116;0.121;0.085;0.011;vb;0.0;0.0;0.0;1.0;vb____;0.0;0.0;0.0;0.0;0.0;1.0;bnew;0.0;0.0;0.0;0.0;0.0;0.0;0.0;0.0;1.0;0.0;0.0;0.0;0.0;0.0;0.0;0.0;0.0;0.0;;;;;;;;;s;E
26;108.251;497.444;444.23;806.361;162.124;96.902;18.1;242;190.963;0.649;0.46;4.97;0.6;0.12;-0.43;0.42;12.05;1.12;djf;168.5;2.98;jja;4.57;0.74;0.16;-0.28;0.42;9.45;1.14;djf;152.95;2.81;mam;4.647;0.994;174.4;0.728;0.755;0.559;;;9.402;;;2.69;333;0.0;0.582;0.0;0.0;0.07;0.0;0.309;0.035;0.45;0.45;0.25;-0.04;0.28;0.28;1.029;0.786;0.385;0.11;0.686;0.216;0.088;0.129;0.014;vb;0.0;0.0;0.0;1.0;vbpy__;0.0;0.0;0.0;0.0;1.0;0.0;hraun;0.002;0.0;0.069;0.0;0.0;0.194;0.0;0.58;0.0;0.0;0.155;0.0;0.0;0.0;0.0;0.0;0.0;0.0;;;;;;;;;l;D
27;222.586;237.542;199.839;877.944;179.191;151.243;19.0;244;202.906;0.887;0.4;4.19;0.55;0.13;-0.26;0.27;11.9;1.12;son;169.6;2.98;jja;3.39;2.37;0.7;-0.21;0.28;10.4;1.12;djf;169.15;3.05;jja;5.215;1.26;128.0;1.685;0.601;1.657;1.27;1.2;15.048;0.635;3.0;1.546;322;0.031;0.124;0.0;0.0;0.029;0.0;0.779;0.035;1.16;1.16;0.48;-0.01;0.69;0.69;0.955;0.287;0.473;0.049;0.486;0.295;0.206;0.219;0.024;vb;0.0;0.0;0.0;1.0;vb__sr;0.0;0.0;0.0;0.779;0.042;0.179;gold;0.0;0.0;0.027;0.0;0.0;0.0;0.705;0.06;0.06;0.111;0.037;0.0;0.0;0.0;0.0;0.0;0.0;0.0;;;;;;;;;l;D
28;374.856;435.187;475.923;934.116;163.902;82.706;42.7;6;172.027;0.511;0.53;3.32;0.53;0.16;-0.31;0.66;15.4;1.34;son;194.55;3.08;jja;3.07;0.82;0.27;-0.15;0.59;12.25;1.3;son;170.2;2.56;jja;;;;;;;;;;;;;412;0.001;0.461;0.0;0.0;0.015;0.0;0.249;0.274;0.76;0.76;0.36;-0.07;0.49;0.49;1.574;0.924;0.362;0.128;0.768;0.174;0.057;0.087;0.013;vb;0.0;0.0;0.0;1.0;vbpy__;0.0;0.0;0.0;0.298;0.702;0.0;gnew;0.0;0.0;0.0;0.0;0.0;0.49;0.312;0.006;0.0;0.0;0.192;0.0;0.0;0.0;0.0;0.0;0.0;0.0;;;;;;;;;u;F
29;227.7;673.66;725.845;1196.613;239.758;183.244;25.0;117;165.086;0.68;0.32;6.54;0.49;0.07;-0.36;0.51;17.55;1.22;son;174.95;2.79;jja;4.52;0.57;0.13;-0.31;0.5;14.95;1.23;son;163.7;2.56;mam;7.431;1.16;231.0;4.371;0.436;0.694;13.538;2.266;28.108;117.549;7.968;0.342;322;0.0;0.459;0.0;0.04;0.009;0.0;0.486;0.0;0.62;0.62;0.28;-0.07;0.35;0.35;0.943;0.229;0.461;0.029;0.472;0.319;0.208;0.24;0.014;vb;0.0;0.0;0.0;1.0;vb__sr;0.0;0.0;0.0;1.0;0.0;0.0;gold;0.082;0.0;0.0;0.0;0.0;0.0;0.918;0.0;0.0;0.0;0.0;0.0;0.0;0.0;0.0;0.0;0.041;9.307;1074.65;902.162;1220.685;136.952;140.391;180.891;695082.665;473340.727;u;F
30;165.115;408.92;427.118;922.166;198.303;218.129;23.1;284;186.852;0.627;0.43;4.22;0.51;0.12;-0.42;0.45;12.65;1.2;djf;171.75;2.97;jja;3.16;1.36;0.43;-0.23;0.39;9.6;1.14;djf;163.85;2.92;jja;3.47;0.877;149.333;2.308;0.494;1.666;2.995;1.529;10.039;28.566;5.905;0.57;322;0.027;0.208;0.0;0.0;0.018;0.0;0.739;0.008;1.39;1.39;0.52;-0.04;0.77;0.77;1.059;0.559;0.411;0.071;0.646;0.219;0.138;0.155;0.012;vb;0.005;0.0;0.0;0.995;vb__sr;0.005;0.0;0.0;0.995;0.0;0.0;gold;0.0;0.0;0.017;0.0;0.002;0.014;0.954;0.0;0.0;0.0;0.0;0.011;0.001;0.0;0.0;0.0;0.0;0.0;;;;;;;;;l;D
31;299.398;729.225;797.56;1340.568;343.147;330.43;30.2;323;178.754;0.647;0.35;3.39;0.7;0.21;-0.37;0.68;12.95;1.24;son;180.7;2.91;jja;3.25;0.67;0.21;-0.16;0.64;7.95;1.21;son;147.05;2.48;jja;3.144;1.052;;1.894;0.591;0.587;0.878;1.667;8.931;0.702;1.0;0.886;332;0.037;0.608;0.002;0.073;0.0;0.001;0.272;0.005;0.77;0.77;0.31;-0.06;0.4;0.4;0.505;0.175;0.467;0.021;0.463;0.326;0.218;0.245;0.014;vb;0.0;0.0;0.0;1.0;vb__sr;0.0;0.0;0.0;1.0;0.0;0.0;gold;0.03;0.0;0.0;0.0;0.0;0.0;0.97;0.0;0.0;0.0;0.0;0.0;0.0;0.0;0.0;0.0;0.07;20.891;1072.873;829.818;1326.753;221.351;221.152;246.419;502542.317;573080.365;u;F
32;473.451;722.236;721.906;1307.626;173.573;96.389;50.6;344;179.013;0.485;0.45;2.4;0.62;0.26;-0.38;0.61;11.85;1.22;djf;192.6;3.02;jja;2.83;0.6;0.21;-0.2;0.58;7.0;1.09;djf;147.8;2.45;jja;;;;;;;;;;;;;332;0.003;0.595;0.0;0.055;0.006;0.0;0.27;0.029;0.31;0.31;0.2;-0.05;0.22;0.22;7.241;0.518;0.416;0.073;0.601;0.262;0.137;0.171;0.014;vb;0.0;0.0;0.113;0.887;vbpy__;0.0;0.0;0.113;0.147;0.709;0.032;gnew;0.059;0.0;0.0;0.0;0.0;0.315;0.17;0.299;0.0;0.022;0.057;0.079;0.0;0.0;0.0;0.0;0.054;25.336;1231.191;899.113;1505.884;277.432;58.088;122.19;509721.711;491614.22;u;F
33;181.094;676.134;664.554;1457.593;147.413;119.939;33.1;360;207.743;0.459;0.35;3.0;0.63;0.21;-0.28;0.58;15.35;1.23;son;205.0;3.23;jja;3.26;0.6;0.18;-0.27;0.6;11.7;1.14;djf;163.45;2.52;jja;;;;;;;;;;;;;322;0.006;0.33;0.0;0.01;0.0;0.0;0.542;0.112;0.7;0.7;0.41;-0.06;0.57;0.57;0.933;0.747;0.389;0.106;0.661;0.227;0.093;0.134;0.014;vb;0.0;0.0;0.0;1.0;vbpy__;0.0;0.0;0.0;0.0;1.0;0.0;gnew;0.004;0.0;0.0;0.0;0.0;0.853;0.0;0.0;0.0;0.0;0.124;0.019;0.0;0.0;0.0;0.0;0.007;1.275;1450.362;1093.773;1825.363;279.193;419.285;307.629;662775.282;482846.449;u;F
34;192.829;398.0;404.378;594.623;97.038;67.237;24.2;30;161.31;0.647;0.4;5.51;0.26;0.05;-0.52;0.7;13.25;1.27;son;155.4;2.88;jja;3.62;0.68;0.19;-0.32;0.58;9.2;1.26;son;145.8;2.56;jja;;;;;;;;;;;;;333;0.0;0.923;0.0;0.0;0.037;0.0;0.04;0.0;0.14;0.14;0.13;-0.08;0.09;0.09;0.963;0.1;0.475;0.014;0.43;0.34;0.23;0.26;0.014;vb;0.0;0.0;0.0;1.0;vb__sr;0.0;0.0;0.0;1.0;0.0;0.0;gold;0.0;0.0;0.0;0.0;0.0;0.0;1.0;0.0;0.0;0.0;0.0;0.0;0.0;0.0;0.0;0.0;0.0;0.0;;;;;;;;;u;F
35;450.837;1008.459;1092.992;1686.988;421.635;47.992;59.2;192;216.665;0.405;0.62;7.73;0.45;0.06;-0.42;0.61;15.95;1.27;djf;157.35;2.97;jja;5.6;0.48;0.09;-0.34;0.59;10.55;1.18;djf;122.35;2.32;mam;9.344;1.173;;3.79;0.609;1.273;4.679;3.1;28.267;76.22;10.306;0.939;335;0.001;0.132;0.0;0.688;0.001;0.0;0.14;0.002;0.13;0.13;0.13;-0.08;0.1;0.1;6.236;0.028;0.475;0.004;0.43;0.34;0.23;0.26;0.014;vb;0.0;0.0;0.047;0.953;vbpy__;0.0;0.0;0.047;0.0;0.648;0.305;621;0.708;0.0;0.0;0.0;0.0;0.045;0.0;0.026;0.124;0.062;0.034;0.001;0.0;0.0;0.0;0.0;0.686;309.489;1243.596;632.254;1730.437;234.215;32.684;42.914;563368.226;420437.257;s;E
36;1665.115;727.758;669.705;1483.812;261.742;102.014;61.2;231;186.583;0.753;0.46;5.12;0.49;0.1;-0.37;0.55;11.8;1.11;djf;161.45;2.95;jja;4.1;0.51;0.12;-0.29;0.54;8.85;1.13;djf;148.7;2.75;jja;4.492;0.932;224.5;1.178;0.778;0.165;;;7.533;;;2.168;332;0.0;0.472;0.0;0.196;0.018;0.0;0.242;0.055;0.28;0.28;0.21;-0.07;0.22;0.22;7.243;0.553;0.387;0.079;0.681;0.227;0.091;0.132;0.014;vb;0.0;0.0;0.021;0.979;vbpy__;0.0;0.0;0.021;0.0;0.872;0.107;hraun;0.207;0.0;0.017;0.0;0.0;0.009;0.0;0.358;0.0;0.111;0.275;0.023;0.0;0.0;0.0;0.0;0.194;323.277;1124.259;432.962;1760.829;140.416;80.144;162.187;462223.32;469117.713;l;D
37;1719.981;666.337;613.768;1651.45;326.374;100.468;81.5;252;213.008;0.574;0.45;5.07;0.66;0.13;-0.5;0.51;12.65;1.17;djf;161.15;2.84;jja;3.72;0.78;0.21;-0.32;0.52;9.5;1.17;djf;152.05;2.73;jja;4.167;0.823;184.583;0.477;0.875;0.326;;;6.137;;;2.986;322;0.009;0.454;0.01;0.189;0.007;0.0;0.263;0.046;0.44;0.44;0.22;-0.05;0.26;0.26;4.667;0.408;0.426;0.054;0.588;0.259;0.156;0.18;0.013;vb;0.0;0.0;0.018;0.982;vbpy__;0.0;0.0;0.018;0.062;0.651;0.269;621;0.211;0.0;0.0;0.0;0.0;0.165;0.057;0.168;0.15;0.075;0.142;0.031;0.0;0.0;0.0;0.0;0.186;320.567;1156.001;564.769;1669.422;257.342;97.337;131.692;441957.166;470079.525;u;F
38;237.015;641.445;597.628;1136.234;198.068;137.25;25.0;148;135.382;0.696;0.48;10.41;0.32;0.03;-0.32;0.48;12.65;1.1;djf;139.2;2.61;jja;6.69;0.59;0.09;-0.28;0.4;9.75;1.1;djf;122.0;2.31;mam;13.174;1.259;200.25;0.917;0.791;0.407;;;23.559;;;7.447;322;0.0;0.185;0.0;0.215;0.004;0.0;0.363;0.0;0.3;0.3;0.22;-0.07;0.26;0.26;1.863;0.361;0.421;0.057;0.569;0.269;0.144;0.18;0.014;vb;0.0;0.0;0.088;0.912;vbpy__;0.0;0.0;0.088;0.0;0.608;0.304;mob;0.248;0.0;0.0;0.0;0.0;0.0;0.0;0.0;0.143;0.09;0.432;0.087;0.0;0.0;0.0;0.0;0.212;50.23;907.2;629.917;1321.248;77.311;68.501;106.238;499124.321;360744.208;u;F
39;215.509;289.957;269.238;708.745;106.618;108.422;18.4;264;199.488;0.901;0.56;6.01;0.51;0.09;-0.25;0.26;12.8;1.1;son;159.85;2.92;jja;4.31;2.52;0.58;-0.17;0.23;8.3;1.08;djf;151.35;2.73;mam;1.083;0.18;142.5;2.519;0.687;2.781;3.899;1.762;3.323;;;0.284;322;0.001;0.172;0.0;0.0;0.001;0.016;0.783;0.014;0.93;0.93;0.45;-0.01;0.61;0.61;1.087;1.0;0.404;0.134;0.763;0.116;0.121;0.085;0.011;vb;0.0;0.0;0.0;1.0;vbpy__;0.0;0.0;0.0;0.0;0.676;0.324;hraun;0.0;0.0;0.001;0.0;0.0;0.0;0.0;0.481;0.084;0.193;0.234;0.007;0.0;0.0;0.0;0.0;0.0;0.0;;;;;;;;;u;F
40;379.731;584.826;562.977;1256.253;261.395;131.011;32.3;145;134.302;0.681;0.52;10.48;0.35;0.03;-0.3;0.44;12.55;1.11;;139.25;2.63;jja;6.92;0.69;0.1;-0.27;0.38;9.65;1.09;djf;121.65;2.3;;14.719;1.363;208.167;1.036;0.819;0.903;;;27.523;;;7.924;322;0.0;0.205;0.0;0.235;0.002;0.0;0.373;0.0;0.36;0.35;0.25;-0.07;0.3;0.3;3.009;0.486;0.398;0.073;0.642;0.24;0.109;0.148;0.014;vb;0.0;0.0;0.055;0.945;vbpy__;0.0;0.0;0.055;0.0;0.614;0.331;mob;0.277;0.0;0.0;0.0;0.0;0.0;0.0;0.003;0.169;0.113;0.384;0.054;0.0;0.0;0.0;0.0;0.231;87.538;923.132;441.951;1380.979;75.192;71.36;119.504;500068.281;359063.895;u;F
41;690.207;723.059;774.638;1473.184;347.595;344.864;47.8;24;181.555;0.621;0.39;3.31;0.7;0.21;-0.41;0.7;12.75;1.26;;177.3;2.89;jja;3.31;0.49;0.15;-0.17;0.66;7.25;1.21;son;138.85;2.35;jja;;;;;;;;;;;;;322;0.04;0.468;0.005;0.046;0.001;0.0;0.437;0.003;0.99;0.99;0.36;-0.06;0.5;0.5;0.724;0.248;0.453;0.033;0.495;0.3;0.199;0.225;0.013;vb;0.01;0.0;0.03;0.96;vb__sr;0.01;0.0;0.03;0.96;0.0;0.0;gold;0.018;0.0;0.0;0.0;0.003;0.0;0.931;0.0;0.0;0.0;0.0;0.045;0.004;0.0;0.0;0.0;0.047;32.459;1075.834;709.34;1433.06;123.749;243.497;341.248;515112.384;570247.814;u;F
42;3202.675;855.281;694.974;1691.072;333.124;61.883;136.9;32;178.679;0.466;0.49;4.24;0.54;0.13;-0.41;0.67;13.8;1.23;djf;163.1;2.7;jja;3.81;0.4;0.11;-0.32;0.66;10.95;1.12;djf;141.7;2.37;jja;;;;;;;;;;;;;335;0.002;0.246;0.0;0.374;0.024;0.0;0.265;0.082;0.38;0.38;0.24;-0.08;0.29;0.29;2.94;0.451;0.392;0.062;0.679;0.215;0.103;0.131;0.013;vb;0.0;0.0;0.0;1.0;vbpy__;0.0;0.0;0.0;0.016;0.983;0.0;gnew;0.391;0.0;0.0;0.0;0.0;0.464;0.011;0.055;0.0;0.0;0.077;0.003;0.0;0.0;0.0;0.0;0.373;1193.314;1237.201;676.922;1827.667;148.67;22.787;44.175;633240.41;452837.572;u;F
43;1662.773;1084.959;1152.696;1231.075;300.489;34.152;77.3;27;161.265;0.595;0.59;5.86;0.46;0.08;-0.47;0.76;14.85;1.26;djf;153.5;2.64;jja;4.69;0.14;0.03;-0.36;0.73;10.65;1.15;djf;133.6;2.3;jja;;;;;;;;;;;;;335;0.0;0.151;0.0;0.716;0.038;0.0;0.073;0.013;0.09;0.09;0.1;-0.09;0.07;0.07;6.244;0.156;0.417;0.023;0.597;0.263;0.137;0.173;0.014;vb;0.0;0.0;0.0;1.0;vbpy__;0.0;0.0;0.0;0.0;1.0;0.0;621;0.75;0.0;0.0;0.0;0.0;0.143;0.0;0.044;0.0;0.0;0.06;0.002;0.0;0.0;0.0;0.0;0.715;1188.464;1236.67;676.922;1827.667;148.56;22.203;44.12;633180.244;452805.097;u;F
44;1964.415;1012.75;1038.228;1485.3;326.238;48.385;98.1;27;165.579;0.51;0.56;5.29;0.49;0.09;-0.46;0.73;13.9;1.25;djf;156.05;2.65;jja;4.4;0.23;0.05;-0.35;0.71;10.55;1.15;djf;135.5;2.31;jja;;;;;;;;;;;;;335;0.0;0.232;0.0;0.606;0.034;0.0;0.099;0.017;0.11;0.11;0.11;-0.09;0.09;0.09;4.966;0.199;0.422;0.029;0.583;0.269;0.145;0.181;0.014;vb;0.0;0.0;0.0;1.0;vbpy__;0.0;0.0;0.0;0.0;1.0;0.0;621;0.635;0.0;0.0;0.0;0.0;0.179;0.0;0.083;0.0;0.0;0.102;0.002;0.0;0.0;0.0;0.0;0.605;1188.364;1236.644;676.922;1827.667;148.551;22.204;44.12;633181.016;452806.595;u;F
45;5150.848;884.967;732.728;1638.34;383.989;80.254;136.9;18;161.503;0.592;0.49;3.23;0.63;0.2;-0.35;0.71;11.3;1.18;djf;161.65;2.71;jja;3.37;0.51;0.15;-0.25;0.66;8.9;1.11;djf;138.9;2.35;jja;3.203;0.966;261.0;1.64;0.736;0.028;;;7.573;;;1.46;332;0.0;0.578;0.0;0.287;0.005;0.0;0.028;0.006;0.05;0.05;0.08;-0.08;0.02;0.02;5.142;0.324;0.428;0.047;0.563;0.279;0.155;0.191;0.014;vb;0.0;0.0;0.0;1.0;vbpy__;0.0;0.0;0.0;0.0;0.679;0.321;621;0.301;0.0;0.003;0.0;0.0;0.0;0.0;0.206;0.013;0.248;0.229;0.0;0.0;0.0;0.0;0.0;0.289;1489.311;1387.363;727.14;2000.861;128.612;43.427;61.709;598447.524;461976.199;u;F
46;2006.7;1153.03;1113.836;1444.661;376.757;58.999;81.2;38;142.549;0.623;0.53;4.29;0.6;0.14;-0.46;0.8;12.5;1.18;djf;151.6;2.65;jja;3.89;0.26;0.07;-0.32;0.74;9.0;1.13;djf;129.95;2.29;jja;4.237;0.973;253.542;1.075;0.818;-0.269;;;10.072;;;2.084;335;0.0;0.334;0.0;0.563;0.0;0.0;0.0;0.0;0.01;0.01;0.06;-0.08;0.0;0.0;11.608;0.191;0.434;0.027;0.552;0.286;0.165;0.198;0.014;vb;0.0;0.0;0.0;1.0;vbpy__;0.0;0.0;0.0;0.0;0.569;0.431;621;0.582;0.0;0.0;0.0;0.0;0.0;0.0;0.036;0.015;0.292;0.075;0.0;0.0;0.0;0.0;0.0;0.569;1141.348;1414.332;765.142;2000.861;127.185;42.745;71.374;592704.926;462879.507;u;F
47;562.848;780.382;682.37;1771.044;249.966;110.27;53.6;29;179.446;0.499;0.45;5.26;0.56;0.11;-0.41;0.59;16.1;1.24;djf;171.8;2.72;jja;4.05;0.39;0.1;-0.32;0.62;11.9;1.17;djf;151.15;2.44;jja;5.56;1.067;267.0;4.669;0.554;-0.484;0.205;1.0;15.725;90.749;13.844;0.547;322;0.002;0.22;0.001;0.221;0.009;0.0;0.415;0.095;0.57;0.57;0.32;-0.08;0.43;0.43;2.109;0.56;0.394;0.077;0.676;0.213;0.107;0.135;0.013;vb;0.0;0.0;0.181;0.819;vbpy__;0.0;0.0;0.181;0.218;0.6;0.0;621;0.282;0.029;0.0;0.0;0.0;0.277;0.154;0.008;0.0;0.0;0.118;0.132;0.0;0.0;0.0;0.0;0.223;125.572;1128.62;709.785;1828.998;203.691;87.115;102.578;663197.031;463345.2;u;F
48;302.355;925.346;872.942;1199.597;230.907;109.706;28.7;23;180.92;0.683;0.5;6.92;0.49;0.07;-0.44;0.66;16.9;1.3;djf;162.85;2.66;jja;4.47;0.27;0.06;-0.33;0.64;12.8;1.18;djf;147.0;2.4;jja;7.88;1.014;274.75;5.067;0.584;-0.137;5.135;2.421;25.48;113.638;20.36;0.689;335;0.0;0.324;0.0;0.412;0.002;0.0;0.139;0.055;0.22;0.22;0.18;-0.09;0.2;0.2;3.241;0.435;0.399;0.062;0.648;0.238;0.11;0.149;0.014;vb;0.0;0.0;0.232;0.768;vbpy__;0.0;0.0;0.232;0.0;0.768;0.0;621;0.525;0.053;0.0;0.0;0.0;0.101;0.0;0.0;0.0;0.0;0.162;0.159;0.0;0.0;0.0;0.0;0.415;125.596;1128.62;709.785;1828.998;203.695;87.022;102.572;663194.933;463338.773;u;F
49;1049.97;1019.727;920.241;1417.841;351.099;74.366;62.4;247;220.93;0.586;0.48;4.13;0.58;0.14;-0.51;0.7;12.85;1.25;djf;162.7;2.82;jja;4.12;0.32;0.08;-0.37;0.67;8.3;1.14;djf;132.35;2.42;jja;;;;;;;;;;;;;332;0.0;0.57;0.0;0.348;0.036;0.0;0.013;0.001;0.09;0.09;0.06;-0.09;0.01;0.01;4.308;0.17;0.456;0.023;0.485;0.314;0.199;0.231;0.014;vb;0.0;0.0;0.012;0.988;vbpy__;0.0;0.0;0.012;0.0;0.768;0.22;621;0.374;0.0;0.0;0.0;0.0;0.0;0.0;0.109;0.005;0.191;0.307;0.013;0.0;0.0;0.0;0.0;0.355;372.926;1415.32;918.698;1994.01;256.563;59.909;82.85;561290.07;450372.761;u;F
50;161.432;561.982;564.556;399.498;52.922;78.762;26.0;234;198.695;0.551;0.41;3.51;0.48;0.14;-0.4;0.49;13.15;1.2;djf;185.05;3.11;jja;3.81;0.87;0.23;-0.27;0.43;8.95;1.1;djf;151.15;2.68;mam;;;;;;;;;;;;;332;0.0;0.928;0.0;0.0;0.0;0.0;0.072;0.0;0.2;0.2;0.11;-0.06;0.05;0.05;2.442;0.891;0.368;0.128;0.74;0.199;0.061;0.098;0.015;vb;0.0;0.0;0.0;1.0;vbpy__;0.0;0.0;0.0;0.0;0.996;0.004;hraun;0.0;0.0;0.0;0.0;0.0;0.178;0.0;0.415;0.0;0.013;0.394;0.0;0.0;0.0;0.0;0.0;0.0;0.0;;;;;;;;;l;B
51;667.285;1193.978;1104.707;1189.895;318.605;82.782;35.8;259;230.083;0.814;0.49;4.52;0.59;0.13;-0.54;0.77;13.35;1.26;djf;159.3;2.81;jja;4.12;0.16;0.04;-0.4;0.74;8.35;1.17;djf;130.45;2.41;jja;;;;;;;;;;;;;335;0.0;0.373;0.0;0.528;0.053;0.0;0.002;0.0;0.09;0.09;0.06;-0.1;0.0;0.0;2.276;0.051;0.475;0.007;0.43;0.34;0.23;0.26;0.014;vb;0.0;0.0;0.019;0.981;vbpy__;0.0;0.0;0.019;0.0;0.84;0.141;621;0.569;0.0;0.0;0.0;0.0;0.0;0.0;0.014;0.001;0.102;0.295;0.019;0.0;0.0;0.0;0.0;0.54;360.261;1423.578;918.698;1994.01;255.488;60.747;86.092;561554.98;450821.612;u;F
52;870.066;1097.054;988.326;1398.806;336.354;79.941;57.4;251;224.246;0.58;0.48;4.28;0.59;0.14;-0.52;0.73;13.3;1.28;djf;161.65;2.81;jja;4.13;0.24;0.06;-0.38;0.69;8.35;1.14;djf;131.05;2.4;jja;;;;;;;;;;;;;332;0.0;0.503;0.0;0.42;0.041;0.0;0.003;0.0;0.08;0.08;0.06;-0.09;0.0;0.0;2.213;0.099;0.467;0.013;0.45;0.329;0.217;0.249;0.014;vb;0.0;0.0;0.014;0.986;vbpy__;0.0;0.0;0.014;0.0;0.793;0.193;621;0.451;0.0;0.0;0.0;0.0;0.0;0.0;0.028;0.001;0.162;0.341;0.016;0.0;0.0;0.0;0.0;0.429;372.926;1415.32;918.698;1994.01;256.563;59.909;82.85;561290.07;450372.761;u;F
53;1292.47;978.927;871.303;1452.692;335.855;76.121;71.9;248;219.011;0.564;0.49;4.09;0.57;0.14;-0.5;0.68;13.2;1.26;djf;163.6;2.81;jja;4.15;0.36;0.09;-0.36;0.65;8.2;1.15;djf;134.05;2.44;jja;;;;;;;;;;;;;332;0.0;0.622;0.0;0.307;0.033;0.0;0.011;0.001;0.09;0.09;0.07;-0.08;0.01;0.01;3.674;0.159;0.46;0.022;0.474;0.319;0.205;0.236;0.014;vb;0.0;0.0;0.01;0.99;vbpy__;0.0;0.0;0.01;0.0;0.735;0.256;621;0.328;0.0;0.0;0.0;0.0;0.0;0.0;0.109;0.041;0.202;0.309;0.011;0.0;0.0;0.0;0.0;0.312;403.607;1394.266;916.949;1994.01;257.941;58.64;76.144;560571.047;449336.26;u;F
54;266.268;734.744;736.695;1227.594;128.616;87.713;37.2;25;202.751;0.494;0.38;5.66;0.47;0.08;-0.45;0.56;17.05;1.27;djf;177.55;2.82;jja;4.19;0.45;0.11;-0.32;0.59;13.2;1.18;djf;154.65;2.45;jja;6.365;1.014;;3.767;0.388;0.929;24.223;4.385;28.214;110.276;11.533;0.419;322;0.0;0.439;0.001;0.023;0.036;0.0;0.493;0.006;0.51;0.51;0.29;-0.08;0.36;0.36;0.952;0.948;0.36;0.135;0.764;0.191;0.049;0.093;0.014;vb;0.0;0.0;0.055;0.945;vb__sr;0.0;0.0;0.055;0.75;0.194;0.0;gold;0.027;0.0;0.0;0.0;0.0;0.218;0.703;0.0;0.0;0.0;0.0;0.052;0.0;0.0;0.0;0.0;0.024;6.333;1053.512;823.854;1333.372;105.826;81.985;149.839;671331.688;465630.107;u;F
55;66.37;784.612;749.515;689.985;118.654;85.961;20.3;14;184.783;0.454;0.41;6.34;0.49;0.08;-0.47;0.57;17.1;1.28;djf;175.35;2.84;jja;4.36;0.41;0.09;-0.32;0.6;13.2;1.19;djf;150.55;2.43;jja;;;;;;;;;;;;;322;0.0;0.402;0.0;0.094;0.116;0.0;0.379;0.0;0.35;0.35;0.23;-0.09;0.27;0.27;0.85;0.976;0.355;0.138;0.777;0.183;0.04;0.082;0.015;vb;0.0;0.0;0.21;0.79;vbpy__;0.0;0.0;0.21;0.061;0.729;0.0;gnew;0.108;0.0;0.0;0.0;0.0;0.7;0.0;0.0;0.0;0.0;0.0;0.191;0.0;0.0;0.0;0.0;0.095;6.333;1053.512;823.854;1333.372;105.826;81.985;149.839;671331.688;465630.107;u;F
56;44.57;833.174;801.484;646.547;115.739;99.089;13.3;14;179.052;0.567;0.44;7.07;0.46;0.07;-0.47;0.59;17.2;1.28;djf;170.8;2.75;jja;4.52;0.39;0.09;-0.33;0.6;13.15;1.2;djf;150.65;2.42;jja;8.104;1.131;239.667;4.442;0.469;1.285;9.225;2.16;28.051;114.461;17.632;0.579;333;0.0;0.503;0.0;0.14;0.014;0.0;0.33;0.0;0.28;0.28;0.22;-0.09;0.25;0.25;0.833;0.966;0.355;0.137;0.777;0.183;0.04;0.082;0.015;vb;0.0;0.0;0.304;0.696;vbpy__;0.0;0.0;0.304;0.051;0.645;0.0;gnew;0.161;0.0;0.0;0.0;0.0;0.581;0.0;0.0;0.0;0.0;0.0;0.257;0.0;0.0;0.0;0.0;0.142;6.333;1053.512;823.854;1333.372;105.826;81.985;149.839;671331.688;465630.107;u;F
57;442.459;689.332;715.273;1302.583;173.704;109.894;46.9;25;203.915;0.506;0.4;5.36;0.5;0.09;-0.44;0.53;17.15;1.25;djf;181.65;2.89;jja;4.06;0.47;0.12;-0.32;0.59;13.25;1.18;djf;156.75;2.49;jja;;;;;;;;;;;;;322;0.004;0.385;0.002;0.014;0.022;0.0;0.564;0.004;0.62;0.62;0.33;-0.07;0.43;0.43;0.928;0.772;0.385;0.107;0.694;0.219;0.089;0.126;0.014;vb;0.0;0.0;0.033;0.967;vb__sr;0.0;0.0;0.033;0.85;0.117;0.0;gold;0.016;0.0;0.0;0.0;0.0;0.134;0.819;0.0;0.0;0.0;0.0;0.031;0.0;0.0;0.0;0.0;0.014;6.333;1053.512;823.854;1333.372;105.826;81.985;149.839;671331.688;465630.107;u;F
58;39.628;171.274;145.952;431.673;86.606;102.369;13.4;271;192.538;0.531;0.43;4.47;0.64;0.14;-0.44;0.21;15.05;1.13;djf;176.8;3.06;jja;4.16;4.72;1.13;-0.17;0.21;8.25;1.07;djf;152.85;2.74;mam;3.143;0.718;140.938;2.058;0.615;1.885;1.17;1.65;8.656;5.284;6.208;0.807;322;0.053;0.035;0.0;0.0;0.035;0.033;0.764;0.0;1.46;1.46;0.55;0.04;0.74;0.74;0.857;1.0;0.404;0.134;0.763;0.116;0.121;0.085;0.011;vb;0.0;0.0;0.0;1.0;vbpy__;0.0;0.0;0.0;0.0;1.0;0.0;hraun;0.0;0.0;0.035;0.0;0.0;0.401;0.0;0.564;0.0;0.0;0.0;0.0;0.0;0.0;0.0;0.0;0.0;0.0;;;;;;;;;l;D
59;941.844;960.517;817.051;1355.335;327.942;96.745;72.4;28;163.433;0.478;0.53;3.67;0.64;0.17;-0.39;0.73;13.55;1.23;djf;168.75;2.69;jja;3.96;0.36;0.09;-0.31;0.69;10.1;1.14;djf;138.25;2.33;jja;;;;;;;;;;;;;332;0.0;0.552;0.0;0.358;0.003;0.0;0.012;0.001;0.01;0.01;0.06;-0.08;0.01;0.01;4.329;0.209;0.448;0.03;0.512;0.303;0.186;0.221;0.014;vb;0.0;0.0;0.0;1.0;vbpy__;0.0;0.0;0.0;0.0;0.869;0.131;621;0.392;0.0;0.0;0.0;0.0;0.0;0.0;0.156;0.0;0.144;0.308;0.0;0.0;0.0;0.0;0.0;0.359;337.657;1308.219;727.14;1921.659;134.512;46.35;47.2;616878.671;458759.586;u;F
60;479.878;1295.698;1392.612;982.574;257.3;19.948;61.0;26;94.211;0.405;0.58;6.39;0.44;0.07;-0.55;0.85;14.3;1.24;djf;148.2;2.68;jja;5.09;0.03;0.01;-0.39;0.81;9.7;1.16;djf;125.35;2.25;jja;;;;;;;;;;;;;335;0.0;0.034;0.0;0.931;0.0;0.0;0.02;0.001;0.01;0.01;0.06;-0.09;0.01;0.01;11.458;0.031;0.399;0.008;0.619;0.235;0.109;0.162;0.014;vb;0.0;0.0;0.0;1.0;vbpy__;0.0;0.0;0.0;0.0;1.0;0.0;621;0.942;0.0;0.0;0.0;0.0;0.032;0.0;0.022;0.0;0.0;0.004;0.0;0.0;0.0;0.0;0.0;0.931;446.541;1341.256;719.528;1631.592;87.571;18.032;39.553;620116.567;448454.841;u;F
61;87.838;258.523;235.095;550.799;129.019;115.219;22.1;221;205.085;0.478;0.43;3.9;0.64;0.16;-0.14;0.23;12.05;1.14;djf;181.5;3.11;mam;4.57;3.96;0.87;-0.2;0.21;8.15;1.08;djf;150.0;2.73;mam;;;;;;;;;;;;;322;0.131;0.044;0.0;0.0;0.0;0.003;0.787;0.029;1.74;1.74;0.59;0.05;0.88;0.88;1.107;1.0;0.352;0.137;0.804;0.158;0.043;0.069;0.013;vb;0.0;0.069;0.0;0.931;vbpy__;0.0;0.069;0.0;0.0;0.793;0.137;gnew;0.0;0.0;0.0;0.0;0.045;0.794;0.0;0.072;0.0;0.089;0.0;0.001;0.0;0.0;0.0;0.0;0.0;0.0;;;;;;;;;u;F
62;2798.812;546.319;617.564;1831.484;296.464;133.256;120.8;27;185.232;0.494;0.42;4.14;0.62;0.15;-0.37;0.49;16.2;1.24;son;184.05;2.99;jja;3.71;0.62;0.17;-0.3;0.56;12.35;1.17;djf;157.5;2.55;jja;3.495;0.845;244.96;2.142;0.61;0.708;3.56;6.357;10.681;25.841;4.222;0.617;322;0.026;0.189;0.018;0.047;0.034;0.001;0.602;0.064;0.97;0.97;0.41;-0.06;0.58;0.58;2.267;0.648;0.397;0.088;0.676;0.213;0.112;0.132;0.014;vb;0.008;0.0;0.068;0.924;vb__sr;0.008;0.0;0.068;0.769;0.155;0.0;gold;0.059;0.006;0.0;0.0;0.0;0.102;0.758;0.002;0.0;0.0;0.024;0.047;0.003;0.0;0.0;0.0;0.047;132.145;1124.762;709.785;1828.998;199.18;87.65;104.082;663706.3;463575.978;u;F
63;52.215;380.332;396.596;976.912;231.589;369.283;12.4;210;191.355;0.658;0.41;5.44;0.51;0.09;-0.26;0.22;17.5;1.18;son;189.7;3.07;jja;5.49;1.78;0.32;-0.25;0.19;14.55;1.23;son;160.85;2.58;mam;9.3;1.62;159.5;2.668;0.425;0.887;8.93;1.452;31.77;44.943;7.872;1.241;322;0.031;0.354;0.0;0.0;0.0;0.0;0.568;0.016;0.97;0.97;0.42;0.01;0.58;0.58;1.0;0.1;0.471;0.018;0.43;0.34;0.224;0.254;0.014;vb;0.004;0.0;0.0;0.996;vb__sr;0.004;0.0;0.0;0.996;0.0;0.0;gold;0.0;0.0;0.0;0.0;0.006;0.0;0.896;0.0;0.0;0.0;0.0;0.021;0.077;0.0;0.0;0.0;0.0;0.0;;;;;;;;;u;F
64;1509.665;516.43;486.203;1051.149;189.462;84.518;60.4;335;195.792;0.726;0.45;2.15;0.69;0.32;-0.09;0.59;14.2;1.23;son;210.0;3.34;jja;2.74;0.82;0.3;-0.07;0.58;10.35;1.22;son;170.9;2.63;jja;2.144;1.031;189.143;0.264;0.863;0.126;;;2.594;;;1.786;332;0.004;0.707;0.03;0.0;0.03;0.002;0.207;0.014;0.35;0.35;0.21;-0.06;0.23;0.23;3.682;0.32;0.446;0.044;0.514;0.3;0.183;0.216;0.014;vb;0.0;0.0;0.0;1.0;vb____;0.0;0.0;0.0;0.0;0.353;0.647;bold;0.0;0.0;0.026;0.0;0.0;0.0;0.0;0.245;0.039;0.551;0.13;0.007;0.0;0.0;0.0;0.001;0.0;0.0;;;;;;;;;l;D
65;66.634;711.358;694.953;424.984;75.042;168.539;16.0;234;194.893;0.577;0.42;5.75;0.36;0.06;-0.4;0.49;13.75;1.18;djf;163.65;2.87;jja;4.77;0.69;0.15;-0.28;0.44;9.1;1.09;djf;134.2;2.44;mam;;;;;;;;;;;;;332;0.0;0.957;0.0;0.0;0.013;0.0;0.021;0.0;0.07;0.07;0.07;-0.07;0.01;0.01;1.105;0.1;0.475;0.014;0.43;0.34;0.23;0.26;0.014;vb;0.0;0.0;0.0;1.0;vbpy__;0.0;0.0;0.0;0.0;1.0;0.0;mob;0.0;0.0;0.0;0.0;0.0;0.0;0.0;0.0;0.0;0.0;1.0;0.0;0.0;0.0;0.0;0.0;0.0;0.0;;;;;;;;;u;F
66;516.163;731.138;682.682;952.94;171.87;198.594;26.5;211;200.211;0.968;0.52;8.16;0.39;0.05;-0.49;0.55;12.7;1.15;djf;146.0;2.7;jja;5.95;0.48;0.08;-0.36;0.47;9.0;1.1;djf;123.3;2.35;mam;7.826;0.923;252.0;1.956;0.658;0.916;;;18.375;;;2.859;322;0.0;0.454;0.0;0.102;0.004;0.0;0.336;0.0;0.27;0.27;0.19;-0.08;0.19;0.19;1.396;0.106;0.473;0.015;0.438;0.336;0.226;0.258;0.014;vb;0.0;0.0;0.213;0.787;vbpy__;0.0;0.0;0.213;0.0;0.674;0.113;mob;0.123;0.0;0.0;0.0;0.0;0.0;0.0;0.014;0.009;0.111;0.557;0.157;0.0;0.0;0.009;0.02;0.1;51.54;965.39;676.076;1380.748;267.28;81.592;98.508;493552.907;360394.029;u;F
67;507.444;348.255;353.243;989.271;166.804;146.581;41.1;219;185.519;0.618;0.36;3.75;0.5;0.13;-0.27;0.39;10.85;1.17;son;173.7;3.03;jja;3.32;1.45;0.44;-0.24;0.37;9.6;1.14;djf;164.3;2.92;jja;3.504;1.075;136.0;2.489;0.451;1.236;8.117;1.743;11.793;39.785;5.75;0.548;322;0.015;0.093;0.017;0.0;0.006;0.0;0.819;0.048;1.27;1.27;0.52;-0.02;0.77;0.77;2.528;0.777;0.392;0.101;0.728;0.167;0.109;0.109;0.011;vb;0.038;0.0;0.005;0.957;vb__sr;0.038;0.0;0.005;0.93;0.027;0.0;gold;0.0;0.0;0.002;0.0;0.001;0.031;0.905;0.0;0.0;0.013;0.004;0.024;0.021;0.0;0.0;0.0;0.0;0.0;;;;;;;;;u;F
68;37.819;335.397;329.886;381.641;78.604;72.21;10.4;215;186.412;0.667;0.27;3.54;0.6;0.17;-0.31;0.32;14.3;1.19;djf;188.15;3.18;jja;3.96;1.03;0.26;-0.25;0.32;9.25;1.13;djf;155.7;2.76;mam;3.16;0.92;177.368;0.616;0.76;0.783;0.913;1.529;6.38;;;1.913;322;0.0;0.224;0.0;0.0;0.0;0.0;0.731;0.045;0.86;0.86;0.43;-0.0;0.6;0.6;1.385;1.0;0.355;0.142;0.777;0.183;0.04;0.082;0.015;vb;0.0;0.0;0.0;1.0;vbpy__;0.0;0.0;0.0;0.0;0.907;0.093;gnew;0.0;0.0;0.0;0.0;0.0;0.864;0.0;0.0;0.0;0.136;0.0;0.0;0.0;0.0;0.0;0.0;0.0;0.0;;;;;;;;;l;B
69;204.379;633.33;634.248;571.645;78.041;108.788;26.0;40;181.485;0.621;0.42;2.13;0.63;0.3;-0.15;0.61;14.25;1.13;son;215.7;3.37;jja;2.79;0.74;0.26;-0.21;0.58;11.15;1.14;djf;173.2;2.62;jja;;;;;;;;;;;;;332;0.0;0.717;0.0;0.0;0.009;0.0;0.214;0.061;0.21;0.21;0.19;-0.07;0.17;0.17;0.889;0.199;0.464;0.026;0.463;0.324;0.212;0.245;0.014;vb;0.0;0.0;0.0;1.0;vbpy__;0.0;0.0;0.0;0.0;1.0;0.0;mob;0.0;0.0;0.0;0.0;0.0;0.167;0.0;0.403;0.0;0.0;0.43;0.0;0.0;0.0;0.0;0.0;0.0;0.0;;;;;;;;;u;F
70;265.043;402.188;388.322;963.202;175.463;104.597;49.5;16;188.539;0.371;0.39;3.17;0.55;0.18;-0.3;0.64;15.9;1.35;son;197.25;3.14;jja;2.93;0.98;0.34;-0.13;0.57;12.55;1.29;son;172.7;2.6;jja;4.284;1.438;185.0;1.11;0.665;0.188;;;9.868;;;2.256;322;0.002;0.29;0.0;0.0;0.0;0.0;0.555;0.153;0.96;0.96;0.46;-0.06;0.65;0.65;1.635;0.818;0.375;0.107;0.747;0.167;0.083;0.095;0.012;vb;0.0;0.0;0.0;1.0;vbpy__;0.0;0.0;0.0;0.388;0.612;0.0;gold;0.0;0.0;0.0;0.0;0.0;0.188;0.412;0.004;0.0;0.0;0.397;0.0;0.0;0.0;0.0;0.0;0.0;0.0;;;;;;;;;u;F
71;627.742;753.566;695.789;1153.684;310.043;90.218;34.0;122;178.795;0.831;0.5;6.78;0.44;0.06;-0.32;0.54;12.15;1.09;djf;156.35;2.98;jja;5.11;0.37;0.07;-0.3;0.51;9.15;1.16;djf;146.6;2.75;mam;1.734;0.266;229.6;1.959;0.684;2.284;0.206;2.0;3.707;37.802;15.957;0.233;335;0.0;0.49;0.0;0.43;0.032;0.0;0.022;0.0;0.07;0.07;0.1;-0.09;0.03;0.03;0.961;0.311;0.394;0.044;0.662;0.234;0.102;0.14;0.014;vb;0.0;0.0;0.022;0.978;vbpy__;0.0;0.0;0.022;0.0;0.86;0.117;621;0.488;0.0;0.0;0.0;0.0;0.0;0.0;0.232;0.0;0.152;0.129;0.0;0.0;0.0;0.0;0.0;0.424;265.855;1044.577;517.385;1407.45;186.589;60.133;88.386;436112.672;454260.364;s;E
72;693.774;543.396;547.117;1008.847;166.218;102.356;52.5;44;169.747;0.566;0.39;2.92;0.55;0.19;-0.28;0.66;13.8;1.34;son;199.3;3.14;jja;2.95;0.93;0.32;-0.16;0.6;12.5;1.27;son;171.1;2.56;jja;;;;;;;;;;;;;332;0.002;0.647;0.0;0.0;0.009;0.0;0.289;0.052;0.6;0.6;0.28;-0.06;0.33;0.33;0.986;0.855;0.373;0.116;0.73;0.191;0.074;0.101;0.013;vb;0.0;0.0;0.0;1.0;vbpy__;0.0;0.0;0.0;0.102;0.898;0.0;mob;0.0;0.0;0.0;0.0;0.0;0.352;0.133;0.033;0.0;0.0;0.481;0.0;0.0;0.0;0.0;0.0;0.0;0.0;;;;;;;;;u;F
73;301.652;715.28;667.364;698.984;116.828;67.3;21.1;335;146.967;0.929;0.46;4.0;0.5;0.13;-0.46;0.61;13.6;1.2;djf;174.3;3.0;jja;3.26;0.62;0.19;-0.28;0.56;8.75;1.12;djf;151.5;2.64;jja;3.378;0.86;209.0;0.912;0.627;0.875;0.632;1.5;8.218;;;1.535;332;0.0;0.576;0.0;0.019;0.012;0.0;0.327;0.066;0.34;0.34;0.25;-0.06;0.3;0.3;16.011;0.958;0.355;0.132;0.796;0.157;0.048;0.074;0.013;vb;0.0;0.0;0.004;0.996;vbpy__;0.0;0.0;0.004;0.0;0.792;0.204;hraun;0.027;0.0;0.004;0.0;0.0;0.0;0.0;0.553;0.0;0.212;0.201;0.004;0.0;0.0;0.0;0.0;0.017;5.155;1135.193;1033.962;1247.037;69.474;90.377;118.633;462062.714;486925.633;u;F
74;681.522;1072.118;1036.967;1209.088;369.453;68.716;73.3;218;217.014;0.402;0.62;6.3;0.44;0.07;-0.51;0.69;14.4;1.27;djf;155.1;2.88;jja;4.96;0.2;0.04;-0.39;0.66;9.9;1.18;djf;129.5;2.42;jja;;;;;;;;;;;;;335;0.0;0.121;0.0;0.659;0.041;0.0;0.094;0.0;0.07;0.07;0.11;-0.08;0.05;0.05;6.348;0.029;0.475;0.004;0.43;0.34;0.23;0.26;0.014;vb;0.0;0.0;0.0;1.0;vbpy__;0.0;0.0;0.0;0.0;0.823;0.177;621;0.672;0.0;0.0;0.0;0.0;0.0;0.0;0.0;0.123;0.0;0.205;0.0;0.0;0.0;0.0;0.0;0.658;448.317;1279.269;657.271;1788.168;229.913;31.596;63.261;559491.344;429760.716;s;E
75;1432.367;790.131;649.511;1631.378;382.13;98.786;101.5;209;199.831;0.421;0.53;6.46;0.41;0.06;-0.4;0.54;13.7;1.18;djf;147.9;2.78;jja;5.42;0.87;0.16;-0.29;0.51;8.95;1.11;djf;120.45;2.35;mam;6.703;1.009;228.25;1.779;0.721;0.041;0.687;2.333;13.997;;;2.809;322;0.0;0.179;0.0;0.314;0.021;0.0;0.39;0.043;0.37;0.37;0.25;-0.07;0.29;0.29;2.47;0.13;0.468;0.018;0.465;0.316;0.218;0.241;0.014;vb;0.0;0.0;0.009;0.991;vbpy__;0.0;0.0;0.009;0.0;0.762;0.229;mob;0.32;0.0;0.0;0.0;0.0;0.017;0.0;0.086;0.201;0.0;0.368;0.008;0.0;0.0;0.0;0.0;0.313;448.156;1278.943;657.271;1786.756;229.942;31.612;63.256;559478.73;429751.989;s;E
76;1632.624;725.71;619.73;1767.275;400.083;103.623;94.2;197;196.572;0.484;0.52;6.4;0.41;0.06;-0.37;0.49;13.4;1.17;djf;147.45;2.73;jja;5.53;1.38;0.25;-0.27;0.47;9.05;1.11;djf;120.75;2.34;mam;2.678;0.413;226.0;1.238;0.713;0.322;;;5.216;9.527;8.389;0.839;322;0.003;0.163;0.0;0.275;0.019;0.0;0.431;0.058;0.5;0.49;0.28;-0.06;0.35;0.35;2.98;0.223;0.458;0.031;0.511;0.286;0.203;0.217;0.013;vb;0.0;0.0;0.008;0.992;vbpy__;0.0;0.0;0.008;0.0;0.759;0.233;mob;0.28;0.0;0.0;0.0;0.0;0.104;0.0;0.085;0.198;0.001;0.325;0.007;0.0;0.0;0.0;0.0;0.275;448.423;1279.172;657.271;1788.168;229.912;31.599;63.241;559487.783;429758.136;s;E
77;1947.866;818.257;782.258;1734.714;234.28;75.853;82.4;6;192.188;0.604;0.48;2.87;0.62;0.22;-0.33;0.67;10.25;1.18;djf;171.85;2.71;jja;3.09;0.55;0.18;-0.24;0.64;7.95;1.14;djf;142.35;2.31;jja;2.218;0.781;238.889;1.384;0.719;0.459;0.619;1.714;4.925;0.671;1.857;0.961;332;0.0;0.875;0.0;0.048;0.002;0.0;0.029;0.0;0.1;0.1;0.07;-0.07;0.03;0.03;7.777;0.402;0.434;0.057;0.549;0.286;0.164;0.198;0.014;vb;0.0;0.0;0.003;0.997;vbpy__;0.0;0.0;0.003;0.0;0.697;0.3;gnew;0.05;0.0;0.002;0.0;0.0;0.294;0.0;0.223;0.013;0.266;0.148;0.003;0.0;0.0;0.0;0.0;0.061;118.099;1414.943;980.515;2000.865;258.152;132.867;170.59;569197.613;468799.191;u;F
78;19.542;295.624;283.18;582.092;128.721;169.64;6.2;135;172.354;0.811;0.26;5.72;0.71;0.12;-0.17;0.17;16.2;1.17;son;190.2;3.14;jja;5.88;2.06;0.35;-0.28;0.23;15.5;1.23;son;157.85;2.54;jja;6.468;1.137;175.441;0.65;0.679;0.718;1.43;1.471;13.158;22.941;6.628;1.017;322;0.0;0.183;0.0;0.044;0.077;0.0;0.607;0.09;0.93;0.93;0.42;0.03;0.61;0.6;4.0;0.064;0.475;0.008;0.43;0.34;0.23;0.26;0.014;vb;0.0;0.0;0.0;1.0;vb__sr;0.0;0.0;0.0;1.0;0.0;0.0;gold;0.057;0.0;0.0;0.0;0.0;0.0;0.943;0.0;0.0;0.0;0.0;0.0;0.0;0.0;0.0;0.0;0.044;0.856;609.387;551.351;656.254;123.859;82.929;183.987;655414.807;421287.304;s;A
79;997.2;369.15;339.853;1316.039;224.211;125.267;54.7;197;196.384;0.651;0.46;5.33;0.57;0.11;-0.32;0.32;11.9;1.09;djf;160.8;2.99;jja;4.73;1.33;0.28;-0.24;0.32;9.25;1.09;djf;149.9;2.79;mam;9.389;1.786;179.9;0.404;0.901;0.507;;;12.688;;;7.498;322;0.009;0.319;0.023;0.01;0.088;0.008;0.514;0.005;0.78;0.78;0.38;-0.02;0.48;0.48;1.403;0.532;0.428;0.073;0.609;0.229;0.158;0.165;0.013;vb;0.0;0.0;0.0;1.0;vbpy__;0.0;0.0;0.0;0.0;0.55;0.45;bold;0.013;0.0;0.086;0.0;0.0;0.052;0.0;0.219;0.0;0.381;0.25;0.0;0.0;0.0;0.0;0.0;0.01;9.659;1179.874;916.51;1332.644;193.42;136.371;244.509;417760.006;448938.051;m;A
80;386.07;554.522;546.583;713.725;126.524;107.53;52.4;231;210.456;0.423;0.46;4.8;0.47;0.1;-0.26;0.42;12.4;1.14;djf;169.65;3.01;mam;4.33;1.07;0.25;-0.23;0.39;8.85;1.12;djf;152.85;2.79;mam;4.225;0.871;179.0;1.945;0.583;0.913;1.927;1.417;11.077;0.34;1.0;1.272;322;0.0;0.353;0.0;0.0;0.006;0.0;0.604;0.036;0.52;0.52;0.34;-0.04;0.44;0.44;1.008;1.0;0.354;0.141;0.783;0.176;0.041;0.079;0.014;vb;0.0;0.0;0.0;1.0;vbpy__;0.0;0.0;0.0;0.0;1.0;0.0;gnew;0.0;0.0;0.0;0.0;0.0;0.611;0.0;0.022;0.0;0.0;0.367;0.0;0.0;0.0;0.0;0.0;0.0;0.0;;;;;;;;;u;F
81;1234.761;817.685;767.119;1196.354;202.211;74.336;76.4;203;197.028;0.519;0.47;3.46;0.49;0.14;-0.36;0.62;10.3;1.13;djf;163.3;2.84;jja;3.43;0.49;0.14;-0.31;0.6;7.6;1.13;djf;139.7;2.49;jja;;;;;;;;;;;;;332;0.0;0.808;0.0;0.102;0.026;0.0;0.048;0.001;0.14;0.14;0.08;-0.08;0.02;0.02;17.16;0.607;0.397;0.086;0.661;0.237;0.107;0.142;0.014;vb;0.0;0.0;0.012;0.988;vbpy__;0.0;0.0;0.012;0.0;0.937;0.051;hraun;0.113;0.0;0.0;0.0;0.0;0.111;0.0;0.525;0.0;0.02;0.22;0.011;0.0;0.0;0.0;0.0;0.101;125.028;1261.263;711.095;1785.376;133.956;71.993;98.927;522144.538;480278.448;s;E
82;3.844;143.204;123.771;219.331;54.854;59.231;5.5;350;170.16;0.4;0.0;5.23;0.64;0.12;-0.42;0.19;16.6;1.12;djf;177.15;3.15;jja;4.12;6.28;1.52;-0.16;0.19;8.1;1.07;djf;152.55;2.77;mam;8.474;1.631;160.778;0.847;0.825;1.166;;;14.699;;;4.72;322;0.002;0.0;0.0;0.0;0.0;0.0;0.998;0.0;1.26;1.26;0.55;0.02;0.71;0.71;1.0;1.0;0.404;0.134;0.763;0.116;0.121;0.085;0.011;vb;0.0;0.0;0.0;1.0;vb____;0.0;0.0;0.0;0.0;0.0;1.0;bold;0.0;0.0;0.0;0.0;0.0;0.0;0.0;0.002;0.441;0.509;0.048;0.0;0.0;0.0;0.0;0.0;0.0;0.0;;;;;;;;;u;F
83;738.841;703.611;704.999;1138.639;212.123;69.641;59.9;345;191.144;0.512;0.5;2.5;0.66;0.27;-0.13;0.67;12.85;1.21;son;198.0;2.98;jja;3.04;0.65;0.21;-0.14;0.62;9.65;1.21;son;158.3;2.4;jja;2.672;1.063;186.0;0.243;0.878;0.416;;;3.378;;;2.197;332;0.0;0.946;0.0;0.0;0.003;0.0;0.045;0.002;0.11;0.11;0.1;-0.07;0.06;0.06;4.434;0.203;0.459;0.031;0.474;0.323;0.205;0.238;0.014;vb;0.0;0.0;0.0;1.0;vb____;0.0;0.0;0.0;0.0;0.249;0.751;bold;0.0;0.0;0.0;0.0;0.0;0.008;0.0;0.039;0.221;0.502;0.23;0.0;0.0;0.0;0.0;0.001;0.0;0.0;;;;;;;;;l;D
84;390.56;522.005;586.495;1091.341;221.838;152.188;44.6;347;158.249;0.5;0.38;2.32;0.66;0.29;-0.25;0.55;11.6;1.17;djf;197.3;3.13;jja;2.7;1.42;0.53;-0.13;0.48;8.0;1.08;djf;160.1;2.59;jja;2.472;1.039;207.0;0.941;0.699;0.445;0.435;1.0;5.656;;;1.223;322;0.069;0.362;0.0;0.0;0.0;0.0;0.551;0.019;1.1;1.1;0.45;-0.03;0.63;0.63;1.373;0.511;0.421;0.068;0.598;0.258;0.148;0.174;0.014;vb;0.0;0.0;0.0;1.0;vb__sr;0.0;0.0;0.0;0.736;0.264;0.0;gold;0.0;0.0;0.0;0.0;0.0;0.27;0.722;0.005;0.0;0.0;0.0;0.003;0.0;0.0;0.0;0.0;0.0;0.0;;;;;;;;;u;F
85;45.73;484.058;475.703;301.565;89.54;107.63;10.9;257;222.686;0.7;0.5;3.51;0.56;0.16;-0.47;0.44;12.85;1.2;djf;187.45;3.17;jja;3.69;1.14;0.31;-0.29;0.38;9.7;1.11;djf;153.7;2.65;mam;19.451;5.411;181.0;0.223;0.916;0.148;;;23.296;;;16.456;332;0.0;0.798;0.0;0.0;0.0;0.0;0.202;0.0;0.2;0.2;0.17;-0.05;0.16;0.16;1.0;1.0;0.355;0.142;0.777;0.183;0.04;0.082;0.015;vb;0.0;0.0;0.0;1.0;vbpy__;0.0;0.0;0.0;0.0;1.0;0.0;mob;0.0;0.0;0.0;0.0;0.0;0.012;0.0;0.129;0.0;0.0;0.858;0.0;0.0;0.0;0.0;0.0;0.0;0.0;;;;;;;;;s;B
86;1141.063;728.706;675.564;816.314;160.504;156.453;72.2;239;197.165;0.528;0.42;5.73;0.43;0.07;-0.47;0.52;13.5;1.19;djf;157.15;2.88;jja;4.72;0.58;0.12;-0.32;0.5;8.75;1.09;djf;131.3;2.46;mam;6.667;1.135;226.739;1.808;0.756;0.285;;;13.322;0.419;1.2;2.717;332;0.0;0.616;0.0;0.104;0.032;0.0;0.111;0.001;0.12;0.12;0.11;-0.08;0.06;0.06;1.502;0.137;0.47;0.018;0.45;0.333;0.221;0.251;0.014;vb;0.0;0.0;0.132;0.868;vbpy__;0.0;0.0;0.132;0.0;0.692;0.177;mob;0.116;0.0;0.0;0.0;0.0;0.0;0.0;0.0;0.102;0.079;0.583;0.11;0.0;0.0;0.003;0.007;0.102;116.077;1064.395;722.399;1360.441;259.319;51.618;70.2;546728.189;427091.305;u;F
87;1417.241;693.452;643.79;1043.992;157.491;144.109;77.0;252;197.966;0.551;0.42;5.4;0.44;0.08;-0.48;0.51;13.4;1.2;djf;159.5;2.88;jja;4.57;0.65;0.14;-0.32;0.48;8.8;1.1;djf;133.15;2.49;mam;;;;;;;;;;;;;332;0.0;0.612;0.0;0.08;0.046;0.0;0.093;0.0;0.12;0.12;0.1;-0.08;0.05;0.05;1.406;0.251;0.452;0.035;0.498;0.31;0.193;0.225;0.014;vb;0.0;0.0;0.111;0.889;vbpy__;0.0;0.0;0.111;0.0;0.673;0.216;mob;0.09;0.0;0.0;0.015;0.0;0.0;0.0;0.0;0.085;0.135;0.574;0.089;0.0;0.0;0.002;0.01;0.078;110.99;1054.641;722.399;1362.282;259.814;52.546;70.214;546324.864;426737.706;s;A
88;3268.244;784.205;681.292;1684.403;289.83;107.019;102.4;244;206.147;0.63;0.43;4.57;0.5;0.11;-0.48;0.58;12.15;1.24;djf;154.6;2.8;jja;4.27;0.58;0.14;-0.33;0.54;8.15;1.12;djf;131.55;2.5;mam;;;;;;;;;;;;;332;0.0;0.63;0.0;0.156;0.062;0.0;0.068;0.001;0.12;0.12;0.09;-0.09;0.04;0.04;2.26;0.272;0.445;0.038;0.518;0.301;0.182;0.215;0.014;vb;0.0;0.0;0.052;0.948;vbpy__;0.0;0.0;0.052;0.0;0.726;0.222;mob;0.169;0.0;0.024;0.007;0.0;0.03;0.0;0.065;0.055;0.168;0.435;0.043;0.0;0.0;0.001;0.004;0.157;514.613;1321.014;722.399;1994.01;258.345;57.324;75.051;557498.474;444461.881;u;F
89;828.526;630.769;555.88;1340.946;352.345;85.184;49.6;185;179.392;0.655;0.5;6.19;0.49;0.08;-0.3;0.46;11.85;1.09;djf;159.05;2.99;jja;5.11;0.78;0.15;-0.28;0.45;9.35;1.15;djf;146.5;2.74;mam;4.345;0.674;187.0;0.51;0.821;0.398;;;6.382;;;2.824;335;0.016;0.425;0.01;0.325;0.024;0.0;0.142;0.034;0.45;0.45;0.21;-0.06;0.2;0.2;1.916;0.48;0.377;0.067;0.714;0.209;0.077;0.114;0.014;vb;0.0;0.0;0.017;0.983;vbpy__;0.0;0.0;0.017;0.0;0.86;0.123;621;0.37;0.0;0.0;0.0;0.0;0.015;0.0;0.354;0.0;0.145;0.114;0.002;0.0;0.0;0.0;0.0;0.321;265.855;1044.577;517.385;1407.45;186.589;60.133;88.386;436112.672;454260.364;s;E
90;14.588;68.677;70.649;48.1;11.023;27.533;8.1;71;161.158;0.534;0.16;4.99;0.48;0.1;-0.2;0.18;12.65;1.11;son;173.5;2.85;jja;5.96;5.4;0.91;-0.15;0.14;10.5;1.12;son;140.0;2.38;mam;9.317;1.89;216.833;2.206;0.68;-0.435;0.051;1.0;24.3;32.537;15.095;0.954;322;0.0;0.011;0.0;0.0;0.0;0.0;0.901;0.053;1.11;1.04;0.5;0.01;0.68;0.68;38.4;0.82;0.414;0.116;0.672;0.144;0.137;0.124;0.012;vb;0.0;0.0;0.0;1.0;vb____;0.0;0.0;0.0;0.0;0.0;1.0;bnew;0.0;0.0;0.0;0.0;0.0;0.0;0.0;0.0;1.0;0.0;0.0;0.0;0.0;0.0;0.0;0.0;0.0;0.0;;;;;;;;;s;E
91;449.701;549.472;518.962;901.048;122.64;53.244;37.6;344;163.805;0.636;0.5;2.63;0.6;0.23;-0.39;0.56;12.35;1.19;djf;192.15;3.16;jja;2.77;0.91;0.33;-0.18;0.48;8.45;1.12;djf;163.15;2.63;jja;1.76;0.675;;0.877;0.675;0.208;1.391;1.0;4.093;;;0.93;322;0.0;0.201;0.0;0.0;0.031;0.0;0.579;0.189;0.67;0.67;0.4;-0.05;0.56;0.56;7.651;1.0;0.355;0.142;0.777;0.183;0.04;0.082;0.015;vb;0.0;0.0;0.0;1.0;vbpy__;0.0;0.0;0.0;0.039;0.916;0.045;gnew;0.0;0.0;0.0;0.0;0.0;0.609;0.038;0.252;0.0;0.05;0.051;0.0;0.0;0.0;0.0;0.0;0.0;0.0;;;;;;;;;u;F
92;101.876;471.172;509.292;831.959;173.475;140.631;22.1;208;191.025;0.515;0.38;5.34;0.41;0.08;-0.37;0.52;11.9;1.11;son;161.0;2.85;jja;4.11;0.78;0.19;-0.34;0.47;10.05;1.14;djf;158.5;2.97;jja;6.738;1.256;224.0;2.273;0.551;1.07;1.617;1.333;18.74;3.368;3.125;1.706;332;0.0;0.661;0.0;0.0;0.045;0.0;0.293;0.0;0.38;0.38;0.21;-0.05;0.21;0.21;0.929;0.1;0.475;0.014;0.43;0.34;0.23;0.26;0.014;vb;0.0;0.0;0.0;1.0;vb__sr;0.0;0.0;0.0;1.0;0.0;0.0;gold;0.0;0.0;0.0;0.0;0.0;0.0;1.0;0.0;0.0;0.0;0.0;0.0;0.0;0.0;0.0;0.0;0.0;0.0;;;;;;;;;l;D
93;842.271;755.035;731.656;1629.55;233.686;88.726;58.9;350;185.503;0.556;0.45;2.72;0.61;0.22;-0.39;0.62;10.6;1.22;djf;180.8;3.01;jja;2.85;0.6;0.21;-0.21;0.58;7.2;1.1;djf;148.45;2.46;jja;2.34;0.867;241.75;1.736;0.733;0.502;0.086;1.0;5.335;;;1.004;332;0.004;0.617;0.0;0.106;0.005;0.0;0.205;0.02;0.28;0.28;0.18;-0.05;0.18;0.18;5.581;0.562;0.405;0.08;0.633;0.248;0.12;0.155;0.014;vb;0.0;0.0;0.069;0.931;vbpy__;0.0;0.0;0.069;0.111;0.789;0.03;hraun;0.115;0.0;0.0;0.0;0.0;0.316;0.118;0.321;0.0;0.015;0.071;0.044;0.0;0.0;0.0;0.0;0.105;88.645;1305.948;863.496;1786.42;261.184;56.06;100.844;507837.944;489290.606;u;F
94;382.843;491.647;482.187;827.694;134.658;50.529;40.7;325;211.537;0.542;0.52;2.64;0.58;0.22;-0.34;0.53;11.9;1.21;djf;191.9;3.14;jja;2.84;0.98;0.34;-0.18;0.45;8.9;1.15;djf;163.0;2.68;jja;;;;;;;;;;;;;322;0.006;0.052;0.0;0.0;0.011;0.0;0.56;0.372;0.99;0.99;0.47;-0.04;0.69;0.69;16.447;1.0;0.354;0.141;0.785;0.173;0.041;0.078;0.014;vb;0.0;0.0;0.0;1.0;vbpy__;0.0;0.0;0.0;0.318;0.682;0.0;gnew;0.0;0.0;0.0;0.0;0.0;0.726;0.274;0.0;0.0;0.0;0.0;0.0;0.0;0.0;0.0;0.0;0.0;0.0;;;;;;;;;u;F
95;596.409;318.472;218.04;1454.95;255.761;93.866;51.2;248;213.037;0.538;0.48;4.43;0.7;0.16;-0.4;0.27;12.4;1.12;djf;168.7;2.92;jja;4.66;2.7;0.58;-0.26;0.29;7.9;1.13;djf;141.55;2.58;mam;6.63;1.475;178.095;0.337;0.929;0.273;;;8.194;;;5.406;322;0.032;0.49;0.009;0.003;0.001;0.0;0.415;0.026;0.85;0.85;0.34;-0.02;0.43;0.43;14.439;0.328;0.445;0.047;0.516;0.299;0.181;0.214;0.014;vb;0.0;0.0;0.01;0.99;vb____;0.0;0.0;0.01;0.0;0.284;0.706;bold;0.0;0.0;0.0;0.0;0.0;0.001;0.0;0.117;0.279;0.416;0.168;0.014;0.0;0.005;0.0;0.0;0.001;0.549;1180.504;935.648;1425.151;303.514;628.722;582.244;467980.371;388711.463;u;F
96;19.315;580.25;587.391;176.931;37.537;88.453;5.1;29;198.274;0.969;0.2;3.6;0.45;0.13;-0.43;0.51;12.95;1.18;djf;182.6;3.07;jja;3.74;0.88;0.23;-0.27;0.43;9.35;1.09;djf;151.2;2.67;mam;6.13;1.69;155.375;1.487;0.758;0.582;;;10.02;0.091;1.0;2.102;332;0.0;1.0;0.0;0.0;0.0;0.0;0.0;0.0;0.11;0.11;0.07;-0.07;0.01;0.01;10.5;1.0;0.355;0.142;0.777;0.183;0.04;0.082;0.015;vb;0.0;0.0;0.0;1.0;vbpy__;0.0;0.0;0.0;0.0;1.0;0.0;mob;0.0;0.0;0.0;0.0;0.0;0.0;0.0;0.043;0.0;0.0;0.957;0.0;0.0;0.0;0.0;0.0;0.0;0.0;;;;;;;;;s;B
97;45.086;157.809;138.134;269.096;59.7;91.427;13.8;151;158.484;0.547;0.48;5.84;0.46;0.08;-0.23;0.21;13.45;1.12;son;166.3;2.84;jja;6.71;3.73;0.56;-0.17;0.17;10.7;1.13;son;132.2;2.36;mam;152.03;23.738;222.667;1.388;0.68;0.831;;;321.945;1.952;2.167;46.562;322;0.086;0.099;0.0;0.0;0.0;0.0;0.688;0.055;1.38;1.31;0.54;-0.0;0.76;0.76;2.385;0.965;0.41;0.123;0.727;0.135;0.13;0.1;0.011;vb;0.0;0.0;0.0;1.0;vbpy__;0.0;0.0;0.0;0.0;0.971;0.029;mob;0.0;0.0;0.0;0.0;0.0;0.0;0.0;0.114;0.17;0.0;0.716;0.0;0.0;0.0;0.0;0.0;0.0;0.0;;;;;;;;;s;E
98;5724.193;485.153;461.272;1769.121;323.252;100.751;139.6;228;190.756;0.611;0.47;5.09;0.53;0.1;-0.3;0.38;10.75;1.09;djf;157.3;2.97;jja;4.64;1.86;0.4;-0.25;0.38;8.7;1.15;djf;145.6;2.73;mam;5.952;1.178;179.8;0.561;0.822;0.666;;;9.131;;;4.037;322;0.034;0.334;0.014;0.11;0.029;0.002;0.385;0.063;0.85;0.85;0.35;-0.03;0.44;0.44;4.568;0.693;0.38;0.095;0.724;0.191;0.084;0.108;0.013;vb;0.0;0.002;0.009;0.989;vbpy__;0.0;0.002;0.009;0.0;0.806;0.183;hraun;0.12;0.003;0.02;0.0;0.002;0.173;0.0;0.298;0.0;0.167;0.209;0.008;0.0;0.0;0.0;0.0;0.108;620.667;1090.428;432.962;1768.421;161.933;71.843;99.902;449955.798;462008.994;l;C
99;2044.255;826.239;757.249;1232.594;254.123;72.116;76.9;209;184.301;0.663;0.55;3.86;0.47;0.12;-0.33;0.61;10.35;1.12;djf;158.75;2.82;jja;3.59;0.46;0.13;-0.31;0.59;7.7;1.13;djf;141.2;2.55;jja;;;;;;;;;;;;;332;0.0;0.645;0.0;0.207;0.017;0.0;0.046;0.044;0.15;0.15;0.1;-0.08;0.06;0.06;19.544;0.54;0.388;0.077;0.688;0.225;0.092;0.128;0.014;vb;0.0;0.0;0.098;0.902;vbpy__;0.0;0.0;0.098;0.0;0.854;0.048;hraun;0.226;0.0;0.0;0.0;0.0;0.067;0.0;0.504;0.0;0.024;0.171;0.008;0.0;0.0;0.0;0.0;0.204;416.905;1209.352;620.952;1789.067;144.75;76.295;96.328;513838.086;473781.796;u;F
100;6348.595;766.534;681.254;1728.479;271.419;92.369;123.9;215;195.798;0.726;0.47;4.26;0.48;0.11;-0.42;0.58;10.25;1.16;djf;153.35;2.77;jja;4.0;0.6;0.15;-0.31;0.54;7.45;1.12;djf;134.5;2.54;mam;4.267;0.925;239.0;0.997;0.804;0.206;;;8.234;;;2.579;332;0.0;0.638;0.0;0.147;0.042;0.0;0.088;0.022;0.16;0.16;0.11;-0.08;0.07;0.07;7.569;0.46;0.414;0.065;0.611;0.257;0.133;0.168;0.014;vb;0.0;0.0;0.059;0.941;vbpy__;0.0;0.0;0.059;0.0;0.793;0.147;mob;0.159;0.0;0.012;0.007;0.0;0.1;0.0;0.235;0.029;0.109;0.32;0.027;0.0;0.0;0.0;0.002;0.147;932.155;1271.252;620.952;1994.01;207.465;65.874;87.415;537955.785;457584.942;s;A
101;2237.848;797.364;723.66;1432.238;257.068;73.006;98.7;212;178.921;0.541;0.54;4.05;0.45;0.11;-0.33;0.6;10.25;1.11;djf;157.6;2.81;jja;3.66;0.55;0.15;-0.28;0.57;7.35;1.12;djf;142.05;2.61;jja;4.407;1.027;259.333;2.705;0.693;0.434;0.766;1.5;10.579;2.81;5.5;1.259;332;0.0;0.634;0.0;0.189;0.007;0.0;0.078;0.051;0.17;0.17;0.12;-0.08;0.09;0.09;15.989;0.633;0.373;0.089;0.729;0.201;0.071;0.107;0.014;vb;0.0;0.0;0.089;0.911;vbpy__;0.0;0.0;0.089;0.0;0.87;0.041;hraun;0.206;0.0;0.0;0.0;0.0;0.138;0.0;0.442;0.0;0.025;0.182;0.007;0.0;0.0;0.0;0.0;0.186;417.142;1209.371;620.952;1789.067;144.712;76.463;96.328;513819.23;473770.727;u;F
102;7437.173;702.468;646.969;1956.37;306.94;93.616;176.1;224;195.718;0.553;0.47;4.24;0.5;0.12;-0.41;0.53;10.25;1.16;djf;153.3;2.83;jja;4.06;0.88;0.22;-0.3;0.5;7.45;1.13;djf;133.8;2.55;mam;4.084;0.963;213.808;0.655;0.847;0.224;;;6.622;;;2.73;332;0.008;0.593;0.001;0.125;0.037;0.0;0.148;0.026;0.28;0.28;0.15;-0.07;0.14;0.14;7.606;0.51;0.408;0.071;0.63;0.247;0.125;0.158;0.014;vb;0.0;0.001;0.055;0.945;vbpy__;0.0;0.001;0.055;0.0;0.772;0.173;mob;0.136;0.004;0.01;0.006;0.001;0.147;0.0;0.212;0.025;0.135;0.294;0.028;0.0;0.0;0.0;0.002;0.125;931.8;1270.996;620.952;1994.01;207.47;65.893;87.417;537943.385;457584.516;s;A
103;6628.489;755.372;672.995;1796.256;274.186;93.996;138.1;215;195.965;0.665;0.47;4.28;0.49;0.11;-0.43;0.58;10.3;1.17;djf;153.25;2.78;jja;4.02;0.61;0.15;-0.31;0.54;7.35;1.11;djf;134.3;2.53;mam;;;;;;;;;;;;;332;0.0;0.636;0.0;0.141;0.041;0.0;0.1;0.021;0.16;0.16;0.12;-0.08;0.08;0.08;7.264;0.454;0.415;0.064;0.606;0.26;0.136;0.17;0.014;vb;0.0;0.0;0.061;0.939;vbpy__;0.0;0.0;0.061;0.0;0.777;0.162;mob;0.153;0.001;0.012;0.006;0.0;0.097;0.0;0.225;0.028;0.121;0.325;0.03;0.0;0.0;0.0;0.002;0.141;932.179;1271.254;620.952;1994.01;207.466;65.874;87.415;537956.696;457584.078;u;F
104;781.299;870.729;785.068;1181.034;222.554;74.828;47.4;199;186.914;0.665;0.48;3.64;0.47;0.13;-0.36;0.65;10.35;1.13;djf;159.45;2.76;jja;3.2;0.45;0.14;-0.31;0.63;7.6;1.13;djf;142.3;2.47;jja;2.701;0.79;252.625;2.568;0.679;0.308;2.217;3.5;7.351;0.475;2.0;0.85;332;0.0;0.749;0.0;0.162;0.005;0.0;0.062;0.002;0.11;0.11;0.08;-0.08;0.03;0.03;19.805;0.625;0.386;0.089;0.692;0.222;0.09;0.126;0.014;vb;0.0;0.0;0.011;0.989;vbpy__;0.0;0.0;0.011;0.0;0.934;0.055;hraun;0.178;0.0;0.0;0.0;0.0;0.176;0.0;0.423;0.0;0.019;0.202;0.002;0.0;0.0;0.0;0.0;0.16;125.028;1261.263;711.095;1785.376;133.956;71.993;98.927;522144.538;480278.448;u;F
105;44.708;430.61;448.042;522.273;85.348;76.004;14.1;261;196.467;0.533;0.36;4.85;0.35;0.07;-0.58;0.66;13.85;1.32;djf;168.25;2.96;jja;3.72;0.95;0.25;-0.34;0.57;8.8;1.24;son;149.85;2.64;jja;4.734;1.0;232.0;3.65;0.554;1.761;2.802;1.812;16.097;81.843;12.1;0.464;333;0.0;0.58;0.0;0.0;0.052;0.0;0.367;0.0;0.38;0.38;0.21;-0.06;0.21;0.21;1.0;0.3;0.434;0.05;0.529;0.266;0.171;0.211;0.013;vb;0.0;0.0;0.0;1.0;vb__sr;0.0;0.0;0.0;1.0;0.0;0.0;gold;0.0;0.0;0.0;0.0;0.0;0.0;1.0;0.0;0.0;0.0;0.0;0.0;0.0;0.0;0.0;0.0;0.0;0.0;;;;;;;;;u;F
106;183.12;502.429;552.775;780.009;147.055;93.676;32.9;155;159.138;0.464;0.46;6.59;0.38;0.06;-0.21;0.33;15.15;1.15;djf;165.25;2.94;;5.86;2.08;0.35;-0.18;0.31;10.45;1.16;djf;127.85;2.34;mam;5.577;0.817;162.889;2.017;0.661;1.185;;;14.071;8.374;6.15;1.302;322;0.003;0.188;0.0;0.0;0.012;0.0;0.766;0.019;0.65;0.65;0.39;-0.05;0.52;0.52;1.483;0.1;0.475;0.014;0.43;0.34;0.23;0.26;0.014;vb;0.0;0.0;0.0;1.0;vbpy__;0.0;0.0;0.0;0.0;0.653;0.347;bnew;0.0;0.0;0.0;0.0;0.0;0.321;0.0;0.134;0.334;0.038;0.173;0.0;0.0;0.0;0.0;0.0;0.0;0.0;;;;;;;;;s;E
107;268.502;628.267;612.237;361.743;61.285;87.557;21.5;277;194.187;0.861;0.15;3.71;0.45;0.12;-0.46;0.51;12.95;1.23;djf;180.65;3.07;jja;3.91;0.82;0.21;-0.3;0.46;9.05;1.1;djf;147.95;2.64;mam;;;;;;;;;;;;;332;0.0;0.679;0.0;0.0;0.318;0.0;0.0;0.0;0.04;0.04;0.04;-0.2;0.0;0.0;1.477;0.181;0.457;0.027;0.484;0.316;0.2;0.235;0.014;vb;0.0;0.0;0.0;1.0;vbpy__;0.0;0.0;0.0;0.0;0.729;0.271;mob;0.0;0.0;0.289;0.0;0.0;0.0;0.0;0.012;0.019;0.294;0.387;0.0;0.0;0.0;0.0;0.0;0.0;0.0;;;;;;;;;l;D
890;200.784;246.848;246.318;652.244;131.199;69.445;23.5;207;181.259;0.681;0.51;4.34;0.61;0.14;-0.21;0.25;12.4;1.13;djf;181.6;3.29;jja;5.09;2.09;0.41;-0.25;0.28;9.15;1.12;djf;148.15;2.76;mam;17.463;4.214;179.385;0.242;0.896;0.181;;;22.952;;;14.588;322;0.067;0.223;0.041;0.0;0.0;0.0;0.515;0.141;1.64;1.64;0.52;0.02;0.74;0.74;3.453;1.0;0.353;0.14;0.786;0.174;0.041;0.077;0.014;vb;0.0;0.0;0.0;1.0;vbpy__;0.0;0.0;0.0;0.0;0.86;0.14;hraun;0.0;0.0;0.0;0.0;0.0;0.063;0.0;0.736;0.0;0.126;0.067;0.008;0.0;0.0;0.0;0.0;0.0;0.0;;;;;;;;;s;E
990;1620.29;850.431;767.028;1232.594;274.41;71.123;76.9;209;176.525;0.59;0.57;4.05;0.46;0.11;-0.33;0.62;10.2;1.12;djf;156.15;2.79;jja;3.53;0.44;0.12;-0.3;0.6;7.7;1.13;djf;141.55;2.55;jja;;;;;;;;;;;;;332;0.0;0.573;0.0;0.261;0.005;0.0;0.056;0.055;0.14;0.14;0.11;-0.08;0.07;0.07;22.168;0.539;0.376;0.077;0.721;0.209;0.073;0.111;0.015;vb;0.0;0.0;0.119;0.881;vbpy__;0.0;0.0;0.119;0.0;0.832;0.048;hraun;0.285;0.0;0.0;0.0;0.0;0.085;0.0;0.457;0.0;0.024;0.146;0.003;0.0;0.0;0.0;0.0;0.257;416.905;1209.352;620.952;1789.067;144.75;76.295;96.328;513838.086;473781.796;u;F
1010;1456.549;758.015;633.899;1432.238;265.57;72.029;60.9;204;174.639;0.708;0.58;4.27;0.43;0.1;-0.32;0.58;10.85;1.11;djf;165.65;2.97;jja;3.9;0.6;0.15;-0.27;0.53;7.7;1.12;djf;150.35;2.73;jja;5.649;1.376;256.667;2.781;0.715;0.785;;;13.612;;;1.862;332;0.0;0.572;0.0;0.203;0.007;0.0;0.087;0.078;0.21;0.21;0.15;-0.07;0.12;0.12;13.796;0.637;0.365;0.089;0.753;0.188;0.06;0.094;0.014;vb;0.0;0.0;0.131;0.869;vbpy__;0.0;0.0;0.131;0.0;0.836;0.033;hraun;0.221;0.0;0.0;0.0;0.0;0.117;0.0;0.453;0.0;0.027;0.171;0.01;0.0;0.0;0.0;0.0;0.201;292.114;1187.162;620.952;1789.067;149.316;78.376;94.084;510255.918;470985.36;s;E
9900;838.941;831.543;644.571;1232.594;313.966;67.674;40.6;193;166.865;0.805;0.66;4.44;0.44;0.1;-0.3;0.6;10.6;1.1;djf;164.05;2.93;jja;3.84;0.42;0.11;-0.3;0.58;7.95;1.14;djf;149.5;2.73;jja;;;;;;;;;;;;;335;0.0;0.408;0.0;0.353;0.005;0.0;0.05;0.106;0.17;0.17;0.15;-0.08;0.11;0.11;25.067;0.458;0.359;0.066;0.768;0.188;0.048;0.086;0.015;vb;0.0;0.0;0.221;0.779;vbpy__;0.0;0.0;0.221;0.0;0.738;0.042;hraun;0.384;0.0;0.0;0.0;0.0;0.0;0.0;0.49;0.0;0.029;0.093;0.004;0.0;0.0;0.0;0.0;0.348;291.824;1187.205;620.952;1789.067;149.377;78.139;94.084;510276.019;470996.767;s;E
